:020000040800F2
:10000000602E0020D9020008C9840008B97A0008CF
:10001000C5840008FD060008BDB10008EB02000819
:10002000000000000000000000000000C18900087E
:10003000010700080000000041850008818A0008CF
:10004000F5020008F5020008F5020008F5020008B4
:10005000F5020008F5020008F5020008F5020008A4
:10006000F5020008F5020008F5020008F502000894
:10007000F5020008F5020008F5020008F502000884
:10008000F5020008F5020008F5020008F502000874
:10009000F5020008F5020008F5020008F502000864
:1000A000F5020008F5020008F5020008F502000854
:1000B00000000000F5020008F5020008F502000843
:1000C000F5020008F5020008F5020008F502000834
:1000D000F5020008F5020008F5020008F502000824
:1000E000F5020008F5020008F5020008F502000814
:1000F000F5020008F5020008F5020008F502000804
:10010000F5020008F5020008B18B0008F5020008AE
:10011000C18B0008F5020008F5020008F50200088E
:10012000F5020008F5020008F5020008F5020008D3
:10013000F502000855B10008F5020008F5020008B4
:10014000F50200083D9D0008F5020008F5020008D0
:10015000F5020008F5020008F5020008F5020008A3
:10016000F5020008F5020008F5020008F502000893
:10017000F5020008F5020008F5020008F502000883
:10018000F5020008F5020008F5020008F502000873
:10019000F5020008F5020008F5020008F502000863
:1001A000F5020008F5020008F5020008F502000853
:1001B000F502000800000000F5020008F502000842
:1001C000F502000800000000F5020008F502000832
:1001D000F5020008F5020008F5020008F502000823
:1001E000F5020008F5020008F5020008F502000813
:1001F0000000000000000000F5020008F502000801
:10020000F5020008F5020008F5020008F5020008F2
:10021000F5020008F5020008F5020008F5020008E2
:10022000F5020008F5020008F5020008F5020008D2
:10023000F5020008F502000800F002F800F03CF8B2
:100240000AA090E8000C82448344AAF10107DA4531
:1002500001D100F031F8AFF2090EBAE80F0013F047
:10026000010F18BFFB1A43F0010318479CDB000085
:10027000BCDB0000103A24BF78C878C1FAD8520716
:1002800024BF30C830C144BF04680C607047000010
:100290000023002400250026103A28BF78C1FBD88F
:1002A000520728BF30C148BF0B6070471FB50DF023
:1002B000C6FC1FBD10B510BD00F073F91146FFF765
:1002C000F5FF0BF03BF800F091F903B4FFF7F2FFF4
:1002D00003BC00F099F900000A4880470A4800472B
:1002E000FEE7FEE7FEE7FEE7FEE7FEE7FEE7FEE7E6
:1002F000FEE7FEE7FEE7000004480549054A064B15
:1003000070470000398B000839020008602800207F
:10031000602E0020602A0020602A002053EA020C90
:1003200000F069802DE9F04B4FF00006002B1FBF55
:10033000B3FA83F503FA05F424FA05F65E4012BF1A
:100340001643B2FA82F502FA05F4C5F120051EBF84
:1003500022FA05FC44EA0C04203556EA044C4FEA24
:10036000144418BF641C4FF000084FF0000990427D
:1003700071EB030C39D3002919BFB1FA81F701FAE7
:1003800007F6B0FA80F700FA07F6C7F120071EBF9C
:1003900020FA07FC46EA0C062037B6FBF4FCA7EB74
:1003A0000507103F07F01F0BCBF120062CFA06F6CD
:1003B0000CFA0BFB44BFB3460026202FA4BF5E46B9
:1003C0004FF0000B5BEA060C08BF4FF0010B19EB76
:1003D0000B0948EB0608ABFB027C06FB02CC0BFBCF
:1003E00003CCC01B71EB0C01C1E70B460246414632
:1003F0004846BDE8F08B13B5084318BF4FF0FF30F7
:100400000146AFF30080BDE81C407047032A40F26C
:10041000308010F0030C00F0158011F8013BBCF1A6
:10042000020F624498BF11F801CB00F8013B38BFBE
:1004300011F8013BA2F1040298BF00F801CB38BFCC
:1004400000F8013B11F0030300F07980083AC0F096
:10045000088051F8043B083A51F804CBA0E8081092
:10046000F5E7121D5CBF51F8043B40F8043BAFF3C5
:100470000080D20724BF11F8013B11F801CB48BF1F
:1004800011F8012B24BF00F8013B00F801CB48BF55
:1004900000F8012B704702F0FF0343EA032242EA0F
:1004A000024200F024B84FF000020429C0F012808C
:1004B00010F0030C00F01B80CCF1040CBCF1020F17
:1004C00018BF00F8012BA8BF20F8022BA1EB0C01EC
:1004D00000F00DB85FEAC17C24BF00F8012B00F8E2
:1004E000012B48BF00F8012B70474FF0000200B508
:1004F000134694469646203922BFA0E80C50A0E847
:100500000C50B1F12001BFF4F7AF090728BFA0E8F4
:100510000C5048BF0CC05DF804EB890028BF40F8C0
:10052000042B08BF704748BF20F8022B11F0804F02
:1005300018BF00F8012B704770477047704710B51F
:10054000203AC0F00B80B1E81850A0E81850B1E88C
:100550001850A0E81850203ABFF4F5AF5FEA027CCB
:1005600024BFB1E81850A0E8185044BF18C918C0FB
:10057000BDE810405FEA827C24BF51F8043B40F89C
:10058000043B08BF7047D20728BF31F8023B48BF81
:1005900011F8012B28BF20F8023B48BF00F8012BBF
:1005A0007047754600F02CF8AE4605006946534684
:1005B00020F00700854618B020B5FFF79DFEBDE886
:1005C00020404FF000064FF000074FF000084FF0BA
:1005D000000BAC46ACE8C009ACE8C009ACE8C00907
:1005E000ACE8C00921F007018D46704710B50446FC
:1005F000AFF300802046BDE81040FFF766BE000064
:10060000004870471800002001491820ABBEFEE7E3
:10061000260002007047000080B584B00290029866
:10062000006807F0ADFA002860D1FFE70298006883
:1006300080683F21C8F2000108420ED0FFE702990E
:10064000886F40F0100088670299C86F40F0010081
:10065000C86701208DF80F004CE002980168012066
:1006600008600298006807F05DFA0298006A48B1D5
:10067000FFE70298006841F20001C4F2026188427B
:1006800033D0FFE700F036FF0190FFE702980068E3
:100690000068C00740BBFFE70298006807F070FAE7
:1006A00028B9FFE70298006807F03CFAFFE700F07E
:1006B00021FF0199401A032815D3FFE7029800682B
:1006C0000068C00770B9FFE70299886F40F010001A
:1006D00088670299C86F40F00100C86701208DF853
:1006E0000F0007E0FFE7D1E7FFE7FFE700208DF805
:1006F0000F00FFE79DF80F0004B080BDFFE7FEE7A5
:100700007047000072B6FFE7FEE7000081B000907E
:1007100000980068006C01B07047000080B590B090
:100720000E9000208DF837000C900B900E9820B999
:10073000FFE701208DF83F000BE30E98006841F2BF
:100740000001C4F20261884201D0FFE700E0FFE748
:100750000E980069C8B1FFE70E98006841F20001E9
:10076000C4F20261884208D0FFE70E9890F82C008E
:10077000012801D1FFE7FFE706E00E980069012894
:1007800001D1FFE7FFE7FFE7FFE70E98806F50B961
:10079000FFE70E9800F0E2FA0E990020C8670E9964
:1007A00081F87400FFE70E98006807F0E1F928B1BE
:1007B000FFE70E98006807F0A9F9FFE70E980068B8
:1007C00007F0E6F9F0B9FFE70E98006807F0B8F90E
:1007D00040F20400C2F200000068800942F6635152
:1007E000C0F23E51A0FB01108109022000EB410044
:1007F0000990FFE7099820B1FFE7099801380990AF
:10080000F8E7FFE70E98006807F0C2F970B9FFE754
:100810000E99886F40F0100088670E99C86F40F0FD
:100820000100C86701208DF83700FFE70E980068C7
:1008300007F0B6F90A900E98806FC006002800F104
:100840007A82FFE70A98002840F07582FFE70E9849
:10085000806F40F0020020F480700E9988670E9837
:10086000006807F08DF900285AD1FFE70E9800685C
:1008700041F20001C4F2026188423FD0FFE70E98C6
:10088000016848F20002C4F2022241F20830C4F2C8
:100890000260914204BF48F20830C4F2022048F2DC
:1008A0000831C4F20221884208D1FFE748F2000073
:1008B000C4F2022007F064F9069007E041F200005C
:1008C000C4F2026007F05CF90690FFE70698A0B951
:1008D000FFE70E980268416848F20003C4F2022361
:1008E00041F20830C4F202609A4204BF48F2083074
:1008F000C4F2022007F06AF9FFE710E00E990868D9
:10090000896807F08BF941F20831C4F20261086886
:100910000E9A5268920C62F395400860FFE7FFE779
:100920000E98006841F20001C4F2026188420ED0C4
:10093000FFE70E9991F82420486C40EA42308A681B
:10094000104391F82C1040EA01400C903DE00E98C5
:10095000017F890390F8242041EA4231436C01F57C
:100960008052002B18BF1146426911430591C07C8B
:100970000006002806D5FFE70E98006920F0004029
:10098000049003E04FF400100490FFE705980499E9
:10099000084303900E98006848F20001C4F2022157
:1009A000884205D1FFE70E9890F84000029005E0DC
:1009B0000E9890F8400040000290FFE703980299DB
:1009C00001430C9808430C90FFE70E9890F82C0018
:1009D00001282BD1FFE70E98006841F20001C4F214
:1009E000026188420BD0FFE70E98016B0020CFF622
:1009F000FE7000EB41410C9808430C9015E00E98F6
:100A000090F8240028B9FFE70C9840F480300C904F
:100A10000AE00E99886F40F0200088670E99C86F31
:100A200040F00100C867FFE7FFE7FFE70E980068A6
:100A300041F20001C4F2026188421CD0FFE70E9827
:100A4000406B50B1FFE70E99486B896B00F47870EA
:100A500001430C9808430C90FFE70E980068C068AB
:100A60004CF21301CFF6F07108400C9908430E992F
:100A70000968C86031E00E98406B50B1FFE70E99ED
:100A8000486B896B00F4E07001430C9808430C90AC
:100A9000FFE70E980068C06848F20D01CFF6DE71DE
:100AA00008400C9908430E990968C8600E98006ABE
:100AB00038B1FFE70E980168026A486C1043486439
:100AC000FFE70E98C06E38B1FFE70E980168C26E5E
:100AD000486C10434864FFE7FFE70E98006841F256
:100AE0000001C4F20261884200F0A380FFE70E9883
:100AF000006807F055F808900E98006807F030F885
:100B000007900898002873D1FFE7079800286FD155
:100B1000FFE70E98017F89030191006848F2000108
:100B2000C4F20221884204D1FFE70E98C06B009006
:100B300004E00E98C06B40000090FFE70198009918
:100B400008430C900E980068C06844F20301884383
:100B50000C9908430E990968C8600E98C06830B1B6
:100B6000FFE70E990868C96807F03EF8FFE70E989E
:100B700090F85400012829D1FFE70E98406B20B16E
:100B8000FFE70E98806B08B9FFE7FFE70E98006853
:100B900000694FF61E01CFF6004100EA01020E9BEC
:100BA0001968D3F858E0D86DD3F860C040EA0E4019
:100BB00040EA0C00D3F864C040EA0C009B6E40EAA7
:100BC0009300104340F00100086106E00E980168B0
:100BD000086920F001000861FFE70E9800680069CD
:100BE00020F070400E9A1168126D10430861FFE703
:100BF0000E98006901280CD1FFE70E980068006B81
:100C000020F00F000E9A1168926A013A10430863AF
:100C100006E00E980168086B20F00F000863FFE7FC
:100C20000E98806F40F0010020F002000E99886756
:100C300080E00E9890F85400012810D1FFE70E993B
:100C4000886DCB6D0A6E896E1843104301430B9873
:100C500008430B900B9840F001000B90FFE70E98B3
:100C6000006800694FF60241CFF2FF7108400B990E
:100C700008430E99096808610E9908688A6C00217A
:100C800006F0EAFF0E990868CA6C6FF0FB0106F0E7
:100C9000E3FF0E98006938B9FFE70E980168886A8B
:100CA00060F00F0088621BE00E980069B0F5001F2D
:100CB00014D1FFE70E980068806A0E980168836A75
:100CC000D0F888206FF0030000EB830000F01C03D5
:100CD0006FF00F0098401043886200E0FFE7FFE7E5
:100CE0000E980068C0684FF6F371C8F23F310840B3
:100CF0000C9988420CD1FFE70E990020C8670E9826
:100D0000806F40F0010020F002000E99886710E02B
:100D10000E98806F40F0100020F002000E99886756
:100D20000E99C86F40F00100C86701208DF83700A8
:100D3000FFE7FFE708E00E99886F40F01000886732
:100D400001208DF83700FFE79DF837008DF83F0050
:100D5000FFE79DF83F0010B080BD000080B5B8B03F
:100D6000379000203690359034903390329002A81E
:100D7000C021FFF7BAFB3798006848F20001C4F2BF
:100D8000022188423CD1FFE7002003904FF400404D
:100D900002904FF480402B9002A802F081FD18B120
:100DA000FFE7FFF7AFFCFFE7FFE740F68C40C4F238
:100DB0000260016841F480610160006800F48060B5
:100DC00001900198FFE7FFE740F68C40C4F2026013
:100DD000016841F004010160006800F00400009027
:100DE0000098FFE7012032900320339000203490D8
:100DF00040F60000C4F2022032A900F043F9FFE7F8
:100E000038B080BD80B584B002900298006806F0CA
:100E1000C7FE002873D1FFE7FFE7029890F874003F
:100E2000012804D1FFE702208DF80F0070E002993D
:100E3000012081F87400FFE7FFE70298FFF7ECFB61
:100E40008DF807009DF80700002850D1FFE70298B1
:100E5000806F40F4807040F6016188430299886792
:100E60000298006841F20001C4F20261884211D088
:100E7000FFE70298806FC004002806D5FFE70299BB
:100E8000C86F20F00600C86703E002990020C86719
:100E9000FFE703E002990020C867FFE702980168B6
:100EA0001C200860FFE70299002081F87400FFE72A
:100EB0000298006841F20001C4F20261884211D038
:100EC000FFE702980068C0688001002809D5FFE7A5
:100ED0000298806F40F4805020F400500299886797
:100EE000FFE7FFE70298006806F062FE06E0FFE712
:100EF0000299002081F87400FFE7FFE703E0022079
:100F00008DF80700FFE79DF807008DF80F00FFE759
:100F10009DF80F0004B080BD80B584B0029000F051
:100F2000E9FA0190029820B9FFE701208DF80F003F
:100F300079E0029890F8540002280DD0FFE702995A
:100F400020208865FFE70299002081F84C00FFE728
:100F500001208DF80F0066E002980168486940F0B2
:100F6000040048610299052081F85400FFE70298C7
:100F7000006800698004002827D4FFE700F0BAFA6F
:100F80000199401A06281FD3FFE70299886D40F0A7
:100F9000100088650299032081F85400029890F8A7
:100FA00050000006002805D5FFE70298416F012098
:100FB0000873FFE7FFE70299002081F84C00FFE784
:100FC00001208DF80F002EE0D1E7029801684869F2
:100FD00040F0020048610299042081F85400029810
:100FE00001684FF4FE40C8600299012081F8540066
:100FF000029890F850000006002809D5FFE70298F3
:10100000416F012008730298016800208864FFE79F
:10101000FFE70299002081F84C00FFE7FFE700207E
:101020008DF80F00FFE79DF80F0004B080BD0000B1
:1010300082B00090009820B9FFE701208DF80700EA
:101040001CE0009890F85400022807D0FFE70099B0
:101050002020886501208DF807000FE0009904200A
:1010600081F8540000980168486942F20402104374
:101070004861FFE700208DF80700FFE79DF80700B3
:1010800002B0704787B00690059100200190069845
:101090000090FFE7059800680199C840002800F01B
:1010A000E581FFE705980068019A01219140084019
:1010B0000390019802900398002800F0D381FFE785
:1010C00006980021C4F2026188425FD1FFE70698CA
:1010D000006804900199012000FA01F10498884306
:1010E00004900598406800F00100019900FA01F1B0
:1010F00004980843049004980699086001994DF6F5
:101100007040C0F6000050F831100091019900EBDA
:10111000C10040680290009802996FF0030202EA51
:1011200051010844006A0490029800F00700810011
:101130000F2000FA01F1049888430490029800F00F
:10114000070081000B2000FA01F104980843049085
:1011500004980099029B02EA530211440862009825
:101160000068049002984100032000FA01F10498FD
:101170008843049002984100022000FA01F104988B
:101180000843049004980099086065E00598406859
:10119000022805D0FFE705984068122841D1FFE7F3
:1011A000069801996FF0030202EA51010844006AAF
:1011B0000490019800F0070081000F2000FA01F16F
:1011C0000498884304900598006900F00F00019985
:1011D00001F00701890000FA01F104980843049026
:1011E00004980699019B02EA530211440862009890
:1011F0000068049002984100032000FA01F104986D
:10120000884304900598406800F003000299490063
:1012100000FA01F1049808430490049800990860CA
:1012200019E000980068049002984100032000FA39
:1012300001F10498884304900598406800F0030089
:101240000299490000FA01F10498084304900498B7
:1012500000990860FFE7FFE70598406801280FD074
:10126000FFE70598406802280AD0FFE70598406824
:10127000112805D0FFE70598406812282FD1FFE715
:1012800000988068049002984100032000FA01F160
:101290000498884304900598C0680299490000FAB0
:1012A00001F104980843049004980099886000981C
:1012B000406804900299012000FA01F104988843E3
:1012C000049005984068C0F30010029900FA01F1FB
:1012D000049808430490049800994860FFE7059833
:1012E000406803280AD1FFE70598406803281DD10C
:1012F000FFE705988068012818D0FFE70098C068CC
:10130000049002984100032000FA01F104988843F8
:101310000490059880680299490000FA01F1049848
:101320000843049004980099C860FFE70598C079C5
:10133000C006002840F19580FFE7019820F00300E7
:1013400042F26002C4F2026280580490019800F0F8
:101350000300C1000F2000FA01F1049888430490B3
:1013600006984FF60041CBF6FD510840800A0199DE
:1013700001F00301C90000FA01F104980843049048
:101380000498019921F00301885042F20000C4F250
:1013900002600068049003990498884304900598BB
:1013A0008079C006002805D5FFE703990498084313
:1013B0000490FFE7049842F20001C4F20261086061
:1013C00042F20400C4F20260006804900399049899
:1013D00088430490059880798006002805D5FFE7AA
:1013E0000399049808430490FFE7049842F204012B
:1013F000C4F20261086042F28400C4F20260006834
:101400000490039904988843049005988079800794
:10141000002805D5FFE70399049808430490FFE7E7
:10142000049842F28401C4F20261086042F2800032
:10143000C4F2026000680490039904988843049001
:1014400005988079C00728B1FFE7039904980843FD
:101450000490FFE7049842F28001C4F20261086040
:10146000FFE7FFE701980130019013E607B07047EE
:1014700082B00190ADF8021001980069BDF8021029
:10148000084204D0FFE701208DF8010003E00020AE
:101490008DF80100FFE79DF8010002B070470000E1
:1014A00083B00290ADF80610029840690090009A4F
:1014B000BDF8060002EA0001904340EA01400299AB
:1014C000886103B07047000082B00190ADF802104F
:1014D0008DF801209DF8010028B1FFE7BDF802005A
:1014E0000199886104E0BDF8020001998862FFE774
:1014F00002B0704742F28820C2F2000000687047D4
:1015000040F20041C4F20301086840F001000860A5
:101510000020704740F20C00C2F20000027842F254
:101520008821C2F20001086810440860704700007A
:1015300080B582B042F20001C4F20201086840F4B2
:1015400080700860032000F0D3F803F055F940F6EE
:101550002041C4F20261096801F00F024DF65841C2
:10156000C0F60001895CC84040F20401C2F20001EB
:101570000860042004F0DAFA0F2000F011F820B11E
:10158000FFE701208DF8070005E000F073F8002068
:101590008DF80700FFE79DF8070002B080BD00004E
:1015A00080B58CB00B90002004900390FFE740F6CC
:1015B0009C40C4F20260016841F0200101600068B3
:1015C00000F0200000900098FFE705A802A903F0B2
:1015D0008DF803F0DBF8049004984DF68361C4F2B3
:1015E0001B31A0FB01014FF0FF3000EB9140039055
:1015F00040F6AC20C2F2000041F20041C4F200010A
:10160000016040F2E731C16003994160002101614E
:10161000816004F095FC8DF807009DF8070010BB71
:10162000FFE740F6AC20C2F2000004F037FE8DF870
:1016300007009DF80700A8B9FFE70B980F280CD802
:10164000FFE70B993220002200F03AF80B9840F2A5
:101650001001C2F20001086003E001208DF80700CC
:10166000FFE7FFE7FFE7322000F020F89DF80700D2
:101670000CB080BD80B582B0FFE740F69440C4F264
:101680000260016841F004010160006800F004009C
:1016900001900198FFE700F0E3F86FF001000F21DF
:1016A000002200F00DF802B080BD000080B582B0CD
:1016B0008DF807009DF9070009F082FD02B080BD9A
:1016C00080B586B08DF817000491039209F090FD63
:1016D00002909DF91700019002980499039A06F070
:1016E000F5FE0146019809F08BFD06B080BD0000B3
:1016F00080B582B00190019809F0C6FD02B080BDAE
:1017000086B0049040F63C00C4F20260006800F429
:101710004030029002980499884212D1FFE7049861
:10172000B0F1011F09D3FFE740F60C01C4F20261DA
:10173000086840F480200860FFE700208DF817005B
:1017400089E00498B0F1011F0DD3FFE740F60C01CA
:10175000C4F20261086820F4E0220498104340F4C7
:10176000802008600AE040F60C01C4F202610868BB
:1017700020F4E020049A10430860FFE740F20400E0
:10178000C2F20000006844F6D351C1F26201A0FB2E
:1017900001208009322200FB02F0A0FB01010120A0
:1017A00000EB91100390FFE740F60C00C4F20260DA
:1017B0000168002009040029019006D4FFE703987E
:1017C000002818BF01200190FFE70198C00720B151
:1017D000FFE7039801380390E6E7039880B3FFE73B
:1017E00040F20400C2F20000006844F6D351C1F296
:1017F0006201A0FB01208009322200FB02F0A0FB65
:101800000101012000EB91100390FFE740F63C003E
:10181000C4F202600168002009040029009006D487
:10182000FFE70398002818BF01200090FFE7009809
:10183000C00720B1FFE7039801380390E6E7FFE710
:10184000039820B9FFE703208DF8170003E000207C
:101850008DF81700FFE79DF8170006B070470000ED
:1018600040F61001C4F20261086840F08040086050
:101870007047000040F63C00C4F20260006800F4CB
:10188000403070478AB0099040F63440C4F202609C
:1018900000686FF35F20069040F62840C4F20260B3
:1018A000016801F003010891016801F470620121EF
:1018B00001EB122107910068C0F300100590059814
:1018C00040F63841C4F20261096889B2C90800FBD8
:1018D00001F000EE100AB8EE400A8DED040A0898F7
:1018E000029001282CD0FFE70298022804D0FFE7DD
:1018F0000298032867D08AE09DED070AB8EE401AE7
:101900009FEDA00A80EE010A40F63440C4F2026066
:1019100000686FF35F2001EE100AB8EE411A9DEDEA
:10192000042A9FED973A82EE032A31EE021AB7EEAF
:10193000002A31EE021A20EE010A8DED030AA9E019
:1019400040F60840C4F2026000680002002809D591
:10195000FFE740F60840C4F20260006800F0704003
:10196000019009E040F6F440C4F20260006800F41F
:10197000704000040190FFE70198010F4DF6F04020
:10198000C0F6000000EB810090ED000AB8EE400ABE
:101990009DED071AB8EE411A80EE010A9DED061A78
:1019A000B8EE411A9DED042A9FED753A82EE032AA6
:1019B00031EE021AB7EE002A31EE021A20EE010AC9
:1019C0008DED030A66E09DED070AB8EE401A9FED23
:1019D0006B0A80EE010A40F63440C4F202600068EF
:1019E0006FF35F2001EE100AB8EE411A9DED042A54
:1019F0009FED633A82EE032A31EE021AB7EE002A17
:101A000031EE021A20EE010A8DED030A42E040F6A3
:101A10000840C4F2026000680002002809D5FFE710
:101A200040F60840C4F20260006800F07040009088
:101A300009E040F6F440C4F20260006800F470402F
:101A400000040090FFE70098010F4DF6F040C0F64B
:101A5000000000EB810090ED000AB8EE400A9DED19
:101A6000071AB8EE411A80EE010A9DED061AB8EE8B
:101A7000411A9DED042A9FED423A82EE032A31EE8F
:101A8000021AB7EE002A31EE021A20EE010A8DED9D
:101A9000030AFFE740F62840C4F202600068C00372
:101AA000002819D5FFE79DED030A40F63440C4F243
:101AB0000260006880B2400A01EE100AB8EE411AD6
:101AC000B7EE002A31EE021A80EE010A0998BCEE48
:101AD000C00A80ED000A03E0099900200860FFE7D2
:101AE00040F62840C4F2026000688003002819D53F
:101AF000FFE79DED030A40F63440C4F2026000683F
:101B0000C0F3064001EE100AB8EE411AB7EE002A03
:101B100031EE021A80EE010A0998BCEEC00A80ED8F
:101B2000010A03E0099900204860FFE740F62840D9
:101B3000C4F2026000684003002819D5FFE79DED5C
:101B4000030A40F63440C4F202600068C0F3066045
:101B500001EE100AB8EE411AB7EE002A31EE021A71
:101B600080EE010A0998BCEEC00A80ED020A03E08B
:101B7000099900208860FFE70AB070470024F44A02
:101B8000000000460024744B8AB0099040F63C40A7
:101B9000C4F2026000686FF35F20069040F62C40AC
:101BA000C4F20260016801F003010891016801F4C8
:101BB0007062012101EB122107910068C0F300104F
:101BC0000590059840F64041C4F20261096889B267
:101BD000C90800FB01F000EE100AB8EE400A8DEDD6
:101BE000040A0898029001282CD0FFE702980228E6
:101BF00004D0FFE70298032867D08AE09DED070A2A
:101C0000B8EE401A9FEDA00A80EE010A40F63C4073
:101C1000C4F2026000686FF35F2001EE100AB8EEB4
:101C2000411A9DED042A9FED973A82EE032A31EE88
:101C3000021AB7EE002A31EE021A20EE010A8DEDEB
:101C4000030AA9E040F60840C4F2026000680002FE
:101C5000002809D5FFE740F60840C4F2026000689A
:101C600000F07040019009E040F6F440C4F20260D8
:101C7000006800F4704000040190FFE70198010F34
:101C80004DF6F040C0F6000000EB810090ED000A38
:101C9000B8EE400A9DED071AB8EE411A80EE010A2F
:101CA0009DED061AB8EE411A9DED042A9FED753A96
:101CB00082EE032A31EE021AB7EE002A31EE021A42
:101CC00020EE010A8DED030A66E09DED070AB8EEED
:101CD000401A9FED6B0A80EE010A40F63C40C4F2C8
:101CE000026000686FF35F2001EE100AB8EE411A3F
:101CF0009DED042A9FED633A82EE032A31EE021A2B
:101D0000B7EE002A31EE021A20EE010A8DED030A29
:101D100042E040F60840C4F2026000680002002879
:101D200009D5FFE740F60840C4F20260006800F001
:101D30007040009009E040F6F440C4F20260006890
:101D400000F4704000040090FFE70098010F4DF68A
:101D5000F040C0F6000000EB810090ED000AB8EE04
:101D6000400A9DED071AB8EE411A80EE010A9DED7A
:101D7000061AB8EE411A9DED042A9FED423A82EE12
:101D8000032A31EE021AB7EE002A31EE021A20EED3
:101D9000010A8DED030AFFE740F62C40C4F2026011
:101DA0000068C003002819D5FFE79DED030A40F63F
:101DB0003C40C4F20260006880B2400A01EE100AA2
:101DC000B8EE411AB7EE002A31EE021A80EE010A8F
:101DD0000998BCEEC00A80ED000A03E009990020D2
:101DE0000860FFE740F62C40C4F202600068800300
:101DF000002819D5FFE79DED030A40F63C40C4F2E8
:101E000002600068C0F3064001EE100AB8EE411A05
:101E1000B7EE002A31EE021A80EE010A0998BCEEF4
:101E2000C00A80ED010A03E0099900204860FFE73D
:101E300040F62C40C4F2026000684003002819D527
:101E4000FFE79DED030A40F63C40C4F202600068E3
:101E5000C0F3066001EE100AB8EE411AB7EE002A90
:101E600031EE021A80EE010A0998BCEEC00A80ED3C
:101E7000020A03E0099900208860FFE70AB0704772
:101E80000024F44A000000460024744B8AB00990F4
:101E900040F64440C4F2026000686FF35F20069091
:101EA00040F63040C4F20260016801F0030108917D
:101EB000016801F47062012101EB122107910068B1
:101EC000C0F300100590059840F64841C4F2026145
:101ED000096889B2C90800FB01F000EE100AB8EEEB
:101EE000400A8DED040A0898029001282CD0FFE7E3
:101EF0000298022804D0FFE70298032867D08AE0FE
:101F00009DED070AB8EE401A9FEDA00A80EE010A87
:101F100040F64440C4F2026000686FF35F2001EEB7
:101F2000100AB8EE411A9DED042A9FED973A82EE11
:101F3000032A31EE021AB7EE002A31EE021A20EE21
:101F4000010A8DED030AA9E040F60840C4F20260E0
:101F500000680002002809D5FFE740F60840C4F2F7
:101F60000260006800F07040019009E040F6F44023
:101F7000C4F20260006800F4704000040190FFE7C2
:101F80000198010F4DF6F040C0F6000000EB810013
:101F900090ED000AB8EE400A9DED071AB8EE411A1E
:101FA00080EE010A9DED061AB8EE411A9DED042A55
:101FB0009FED753A82EE032A31EE021AB7EE002A3F
:101FC00031EE021A20EE010A8DED030A66E09DED66
:101FD000070AB8EE401A9FED6B0A80EE010A40F640
:101FE0004440C4F2026000686FF35F2001EE100A03
:101FF000B8EE411A9DED042A9FED633A82EE032A62
:1020000031EE021AB7EE002A31EE021A20EE010A72
:102010008DED030A42E040F60840C4F20260006819
:102020000002002809D5FFE740F60840C4F202602C
:10203000006800F07040009009E040F6F440C4F2FF
:102040000260006800F4704000040090FFE7009810
:10205000010F4DF6F040C0F6000000EB810090ED5E
:10206000000AB8EE400A9DED071AB8EE411A80EE5C
:10207000010A9DED061AB8EE411A9DED042A9FED66
:10208000423A82EE032A31EE021AB7EE002A31EE0E
:10209000021A20EE010A8DED030AFFE740F63040F8
:1020A000C4F202600068C003002819D5FFE79DED67
:1020B000030A40F64440C4F20260006880B2400A5D
:1020C00001EE100AB8EE411AB7EE002A31EE021AFC
:1020D00080EE010A0998BCEEC00A80ED000A03E018
:1020E000099900200860FFE740F63040C4F2026022
:1020F00000688003002819D5FFE79DED030A40F62C
:102100004440C4F202600068C0F3064001EE100AC9
:10211000B8EE411AB7EE002A31EE021A80EE010A3B
:102120000998BCEEC00A80ED010A03E0099900207D
:102130004860FFE740F63040C4F2026000684003A8
:10214000002819D5FFE79DED030A40F64440C4F28C
:1021500002600068C0F3066001EE100AB8EE411A92
:10216000B7EE002A31EE021A80EE010A0998BCEEA1
:10217000C00A80ED020A03E0099900208860FFE7A9
:102180000AB070470024F44A000000460024744B53
:1021900080B5A8B0279126902698279980F48020B2
:1021A0000843002850D1FFE740F6F040C4F2026037
:1021B000016801F440711B9100688007002809D56F
:1021C000FFE71B98B0F5807F04D1FFE74FF4004094
:1021D0001C9037E040F6F040C4F202600068000155
:1021E000002816D5FFE71B98B0F5007F11D1FFE757
:1021F00040F6F040C4F202600068C000002803D539
:10220000FFE7FA201C9003E04FF4FA401C90FFE730
:1022100017E040F60040C4F2026000688003002826
:102220000BD5FFE71B98B0F5407F06D1FFE74DF2D5
:102230009000C0F203001C9002E000201C90FFE719
:10224000FFE7FFE701F028BB2698279980F40050AC
:10225000084300284AD1FFE740F6E440C4F2026098
:10226000006800F0E0001B901B981A90B0B1FFE7E7
:102270001A98202818D0FFE71A98402808D0FFE7BE
:102280001A98602816D0FFE71A98802816D028E000
:1022900023A8FFF7F7FA23981C9025E020A8FFF762
:1022A00073FC20981C901FE01DA8FFF7EFFD1D9800
:1022B0001C9019E04BF680301C9015E040F6004071
:1022C000C4F2026000684005002806D5FFE742F22C
:1022D0000040C0F2F4001C9002E000201C90FFE7D8
:1022E00002E000201C90FFE701F0D5BA269827995C
:1022F00080F48040084300284ED1FFE740F6E440D8
:10230000C4F20260006800F4E0601B901B98199012
:10231000D0B1FFE71998B0F5807F1BD0FFE719987F
:10232000B0F5007F0AD0FFE71998B0F5407F17D0CD
:10233000FFE71998B0F5806F16D028E023A8FFF7C3
:10234000A1FA23981C9025E020A8FFF71DFC2098F7
:102350001C901FE01DA8FFF799FD1D981C9019E027
:102360004BF680301C9015E040F60040C4F202604D
:1023700000684005002806D5FFE742F20040C0F2A1
:10238000F4001C9002E000201C90FFE702E0002017
:102390001C90FFE701F07EBA2698279980F4801000
:1023A0000843002872D1FFE740F6E040C4F2026023
:1023B000006800F040601B901B981890D8B1FFE7B0
:1023C0001898B0F1806F10D0FFE71898B0F1006F47
:1023D00005D0FFE71898B0F1406F1FD051E023A857
:1023E000FFF750FA24981C904EE020A8FFF7CCFB92
:1023F00021981C9048E040F60040C4F2026000685A
:102400008004002806D5FFE746F60040C0F2DC2035
:102410001C9002E000201C90FFE735E040F60040F1
:10242000C4F2026000688006002826D5FFE740F667
:102430000840C4F2026000680002002809D5FFE7E6
:1024400040F60840C4F20260006800F07060179027
:1024500009E040F6F440C4F20260006800F47060E5
:1024600000041790FFE71798010E4DF6F040C0F6F4
:10247000000050F821001C9002E000201C90FFE7B3
:1024800002E000201C90FFE701F003BA269827998C
:1024900080F400100843002840F08F80FFE740F6EA
:1024A000E440C4F20260006800F480401B901B9876
:1024B000002871D1FFE740F6E040C4F202600068F6
:1024C00000F040601B901B981690D8B1FFE716985B
:1024D000B0F1806F10D0FFE71698B0F1006F05D013
:1024E000FFE71698B0F1406F1FD051E023A8FFF727
:1024F000C9F924981C904EE020A8FFF745FB2198CD
:102500001C9048E040F60040C4F20260006880047D
:10251000002806D5FFE746F60040C0F2DC201C90FC
:1025200002E000201C90FFE735E040F60040C4F2D6
:10253000026000688006002826D5FFE740F60840C4
:10254000C4F2026000680002002809D5FFE740F6E7
:102550000840C4F20260006800F07060159009E065
:1025600040F6F440C4F20260006800F470600004B9
:102570001590FFE71598010E4DF6F040C0F60000EB
:1025800050F821001C9002E000201C90FFE702E0C0
:1025900000201C90FFE70EE01B98B0F5804F06D19D
:1025A000FFE723A8FFF76EF923981C9002E00020B4
:1025B0001C90FFE7FFE701F06BB92698279980F0A0
:1025C00001000843002843D1FFE740F6E040C4F291
:1025D0000260006800F003001B901B9820B9FFE721
:1025E00002F0E6F81C9031E01B98012804D1FFE7C7
:1025F00002F002F91C9028E040F60040C4F20260AC
:102600000068400500280AD5FFE71B98022806D17C
:10261000FFE742F20040C0F2F4001C9014E040F6E4
:10262000F040C4F2026000688007002808D5FFE788
:102630001B98032804D1FFE74FF400401C9002E0F0
:1026400000201C90FFE7FFE7FFE7FFE701F01FB95D
:102650002698279980F002000843002843D1FFE71D
:1026600040F6E040C4F20260006800F00C001B90ED
:102670001B9820B9FFE702F089F81C9031E01B9805
:10268000042804D1FFE702F0B7F81C9028E040F6D8
:102690000040C4F202600068400500280AD5FFE748
:1026A0001B98082806D1FFE742F20040C0F2F40070
:1026B0001C9014E040F6F040C4F20260006880070D
:1026C000002808D5FFE71B980C2804D1FFE74FF43A
:1026D00000401C9002E000201C90FFE7FFE7FFE7AE
:1026E000FFE701F0D3B82698279980F0040008434B
:1026F000002843D1FFE740F6E040C4F202600068E2
:1027000000F030001B901B9820B9FFE702F03EF864
:102710001C9031E01B98102804D1FFE702F06CF800
:102720001C9028E040F60040C4F2026000684005BA
:1027300000280AD5FFE71B98202806D1FFE742F2C0
:102740000040C0F2F4001C9014E040F6F040C4F2E7
:10275000026000688007002808D5FFE71B98302832
:1027600004D1FFE74FF400401C9002E000201C90D1
:10277000FFE7FFE7FFE7FFE701F087B82698279913
:1027800080F008000843002843D1FFE740F6E0400E
:10279000C4F20260006800F0C0001B901B9820B9D2
:1027A000FFE701F0F3FF1C9031E01B98402804D1B3
:1027B000FFE702F021F81C9028E040F60040C4F248
:1027C00002600068400500280AD5FFE71B988028B2
:1027D00006D1FFE742F20040C0F2F4001C9014E082
:1027E00040F6F040C4F2026000688007002808D577
:1027F000FFE71B98C02804D1FFE74FF400401C906E
:1028000002E000201C90FFE7FFE7FFE7FFE701F091
:102810003BB82698279980F010000843002846D13D
:10282000FFE740F6E040C4F20260006800F4407048
:102830001B901B9820B9FFE701F0A8FF1C9034E023
:102840001B98B0F5807F04D1FFE701F0D5FF1C9005
:102850002AE040F60040C4F202600068400500280B
:102860000BD5FFE71B98B0F5007F06D1FFE742F2DA
:102870000040C0F2F4001C9015E040F6F040C4F2B5
:10288000026000688007002809D5FFE71B98B0F5B3
:10289000407F04D1FFE74FF400401C9002E000208D
:1028A0001C90FFE7FFE7FFE7FFE700F0ECBF26988B
:1028B000279980F020000843002877D1FFE740F6F1
:1028C000E840C4F20260006800F007001B901B980B
:1028D00020B9FFE701F07EFF1C9065E01B980128FE
:1028E00004D1FFE701F088FF1C905CE040F6004057
:1028F000C4F202600068400500280AD5FFE71B9873
:10290000022806D1FFE742F20040C0F2F4001C901A
:1029100048E040F6F040C4F20260006880070028FA
:1029200008D5FFE71B98032804D1FFE74FF40040C8
:102930001C9036E040F60040C4F202600068800659
:1029400000282AD5FFE71B98042826D1FFE740F688
:102950000840C4F2026000680002002809D5FFE7C1
:1029600040F60840C4F20260006800F07060149005
:1029700009E040F6F440C4F20260006800F47060C0
:1029800000041490FFE71498010E4DF6F040C0F6D5
:10299000000050F821001C9002E000201C90FFE78E
:1029A000FFE7FFE7FFE7FFE700F06CBF26982799F6
:1029B00080F400400843002840F08E80FFE740F696
:1029C000E840C4F20260006800F4E0401B901B98ED
:1029D000B0F5805F04D1FFE701F00EFF1C9079E0B5
:1029E0001B98B0F5005F06D1FFE720A8FFF7CCF8F1
:1029F00022981C906DE01B9820B9FFE701F0AEFE15
:102A00001C9065E01B98B0F5A04F33D1FFE740F66E
:102A10000040C4F2026000688006002826D5FFE767
:102A200040F60840C4F2026000680002002809D5A0
:102A3000FFE740F60840C4F20260006800F07060F2
:102A4000139009E040F6F440C4F20260006800F41C
:102A5000706000041390FFE71398010E4DF6F040EC
:102A6000C0F6000050F821001C9002E000201C90ED
:102A7000FFE72CE040F60040C4F2026000688003EB
:102A800000280BD5FFE71B98B0F5405F06D1FFE7A4
:102A900041F20020C0F27A001C9017E040F600409E
:102AA000C4F202600068400500280BD5FFE71B98C0
:102AB000B0F5804F06D1FFE742F20040C0F2F400CB
:102AC0001C9002E000201C90FFE7FFE7FFE7FFE714
:102AD000FFE7FFE700F0D5BE2698279980F4803005
:102AE000084300285ED1FFE740F6E440C4F20260EC
:102AF000006800F007001B901B98129004284CD827
:102B00001299DFE801F00F030913170023A8FEF75D
:102B1000B9FE23981C9043E01DA8FFF7B7F91E9853
:102B20001C903DE001F01AFE1C9039E04BF680301D
:102B30001C9035E040F60040C4F202600068800658
:102B4000002826D5FFE740F60840C4F2026000687E
:102B50000002002809D5FFE740F60840C4F20260F1
:102B6000006800F07060119009E040F6F440C4F293
:102B70000260006800F4706000041190FFE7119893
:102B8000010E4DF6F040C0F6000050F821001C90F8
:102B900002E000201C90FFE702E000201C90FFE70D
:102BA00000F06EBE2698279980F400300843002874
:102BB0006CD1FFE740F6E840C4F20260006800F420
:102BC000E0201B901B98109000B3FFE71098B0F521
:102BD000803F0FD0FFE71098B0F5003F10D0FFE71F
:102BE0001098B0F5403F15D0FFE71098B0F5802F52
:102BF00014D046E023A8FEF745FE23981C9043E03E
:102C00001DA8FFF743F91E981C903DE001F0A6FDBA
:102C10001C9039E04BF680301C9035E040F60040C7
:102C2000C4F2026000688006002826D5FFE740F65F
:102C30000840C4F2026000680002002809D5FFE7DE
:102C400040F60840C4F20260006800F070600F9027
:102C500009E040F6F440C4F20260006800F47060DD
:102C600000040F90FFE70F98010E4DF6F040C0F6FC
:102C7000000050F821001C9002E000201C90FFE7AB
:102C800002E000201C90FFE700F0F9BD269827998C
:102C900080F040000843002868D1FFE740F6E0409C
:102CA000C4F20260006800F440601B901B9820B9D9
:102CB000FFE701F06BFD1C9056E01B98B0F5806FAC
:102CC00004D1FFE701F098FD1C904CE040F6004075
:102CD000C4F202600068400500280BD5FFE71B988E
:102CE000B0F5006F06D1FFE742F20040C0F2F400F9
:102CF0001C9037E040F60040C4F202600068800695
:102D000000282BD5FFE71B98B0F5406F26D1FFE7D1
:102D100040F60840C4F2026000680002002809D5AD
:102D2000FFE740F60840C4F20260006800F07060FF
:102D30000E9009E040F6F440C4F20260006800F42E
:102D4000706000040E90FFE70E98010E4DF6F04003
:102D5000C0F6000050F821001C9002E000201C90FA
:102D6000FFE7FFE7FFE7FFE700F088BD2698279918
:102D700080F080000843002868D1FFE740F6E0407B
:102D8000C4F20260006800F440501B901B9820B908
:102D9000FFE701F0FBFC1C9056E01B98B0F5805F4C
:102DA00004D1FFE701F028FD1C904CE040F6004004
:102DB000C4F202600068400500280BD5FFE71B98AD
:102DC000B0F5005F06D1FFE742F20040C0F2F40028
:102DD0001C9037E040F60040C4F2026000688006B4
:102DE00000282BD5FFE71B98B0F5405F26D1FFE701
:102DF00040F60840C4F2026000680002002809D5CD
:102E0000FFE740F60840C4F20260006800F070601E
:102E10000D9009E040F6F440C4F20260006800F44E
:102E2000706000040D90FFE70D98010E4DF6F04024
:102E3000C0F6000050F821001C9002E000201C9019
:102E4000FFE7FFE7FFE7FFE700F017BD26982799A8
:102E500080F48070084300286BD1FFE740F6E8401B
:102E6000C4F20260006800F0C0001B901B980C9038
:102E700060B1FFE70C9840281FD0FFE70C9880282E
:102E800008D0FFE70C98C0281BD04DE001F0A2FC51
:102E90001C904CE040F60040C4F20260006840051F
:102EA000002806D5FFE742F20040C0F2F4001C9073
:102EB00002E000201C90FFE739E001F09DFC1C902F
:102EC00035E040F60040C4F2026000688006002849
:102ED00026D5FFE740F60840C4F202600068000211
:102EE000002809D5FFE740F60840C4F202600068F8
:102EF00000F070600B9009E040F6F440C4F202600C
:102F0000006800F4706000040B90FFE70B98010E5E
:102F10004DF6F040C0F6000050F821001C9002E091
:102F200000201C90FFE702E000201C90FFE700F06B
:102F3000A3BC2698279980F480000843002868D114
:102F4000FFE740F6E040C4F20260006800F4404051
:102F50001B901B9820B9FFE701F018FC1C9056E06D
:102F60001B98B0F5804F04D1FFE701F045FC1C90A1
:102F70004CE040F60040C4F20260006840050028C2
:102F80000BD5FFE71B98B0F5004F06D1FFE742F2E3
:102F90000040C0F2F4001C9037E040F60040C4F25C
:102FA00002600068800600282BD5FFE71B98B0F56B
:102FB000404F26D1FFE740F60840C4F202600068A7
:102FC0000002002809D5FFE740F60840C4F202607D
:102FD000006800F070600A9009E040F6F440C4F226
:102FE0000260006800F4706000040A90FFE70A982D
:102FF000010E4DF6F040C0F6000050F821001C9084
:1030000002E000201C90FFE7FFE7FFE7FFE700F08A
:1030100032BC2698279980F400600843002840F0CD
:103020008B80FFE740F6E840C4F20260006800F4DD
:1030300040701B901B9898BBFFE740F60040C4F21D
:10304000026000688006002826D5FFE740F60840A9
:10305000C4F2026000680002002809D5FFE740F6CC
:103060000840C4F20260006800F07060099009E056
:1030700040F6F440C4F20260006800F4706000049E
:103080000990FFE70998010E4DF6F040C0F60000E8
:1030900050F821001C9002E000201C90FFE74AE05D
:1030A00040F6F040C4F2026000680001002816D526
:1030B000FFE71B98B0F5807F11D1FFE740F6F040A5
:1030C000C4F202600068C000002803D5FFE7FA20C0
:1030D0001C9003E04FF4FA401C90FFE72AE040F612
:1030E0000040C4F202600068400500280BD5FFE7ED
:1030F0001B98B0F5007F06D1FFE742F20040C0F216
:10310000F4001C9015E040F6F040C4F20260006844
:103110008007002809D5FFE71B98B0F5407F04D150
:10312000FFE74FF400401C9002E000201C90FFE7F6
:10313000FFE7FFE7FFE79DE32698279980F40070FB
:103140000843002840F08B80FFE740F6E840C4F2D7
:103150000260006800F440601B901B9898BBFFE77A
:1031600040F60040C4F2026000688006002826D5C0
:10317000FFE740F60840C4F2026000680002002841
:1031800009D5FFE740F60840C4F20260006800F08D
:103190007060089009E040F6F440C4F202600068F4
:1031A00000F4706000040890FFE70898010E4DF6E7
:1031B000F040C0F6000050F821001C9002E0002012
:1031C0001C90FFE74AE040F6F040C4F2026000685D
:1031D0000001002816D5FFE71B98B0F5806F11D1CC
:1031E000FFE740F6F040C4F202600068C00000282B
:1031F00003D5FFE7FA201C9003E04FF4FA401C903F
:10320000FFE72AE040F60040C4F202600068400593
:1032100000280BD5FFE71B98B0F5006F06D1FFE73C
:1032200042F20040C0F2F4001C9015E040F6F0407D
:10323000C4F2026000688007002809D5FFE71B98E8
:10324000B0F5406F04D1FFE74FF400401C9002E05E
:1032500000201C90FFE7FFE7FFE7FFE709E3269860
:10326000279980F48060084300285BD1FFE740F68F
:10327000E040C4F20260006800F440201B901B98FC
:1032800020B9FFE701F082FA1C904AE040F6F040D6
:10329000C4F2026000680001002816D5FFE71B9801
:1032A000B0F5802F11D1FFE740F6F040C4F2026084
:1032B0000068C000002803D5FFE7FA201C9003E057
:1032C0004FF4FA401C90FFE72AE040F60040C4F2B9
:1032D00002600068400500280BD5FFE71B98B0F599
:1032E000002F06D1FFE742F20040C0F2F4001C902C
:1032F00015E040F6F040C4F2026000688007002844
:1033000009D5FFE71B98B0F5402F04D1FFE74FF434
:1033100000401C9002E000201C90FFE7FFE7FFE761
:10332000FFE7A5E22698279980F000600843B0BB2C
:10333000FFE740F6E040C4F20260006800F0407031
:103340001B9040F60040C4F2026000688003002831
:1033500009D5FFE71B9830B9FFE741F20020C0F222
:103360007A001C901AE01B98B0F1807F06D1FFE72D
:1033700023A8FEF787FA24981C900EE01B98B0F162
:10338000007F06D1FFE720A8FEF7FEFB20981C90E7
:1033900002E000201C90FFE7FFE7FFE767E22698C6
:1033A000279980F40000084300286DD1FFE740F61C
:1033B000E040C4F20260006800F440101B901B98CB
:1033C000079078B1FFE70798B0F5801F0ED0FFE7B0
:1033D0000798B0F5001F0DD0FFE70798B0F5401F24
:1033E0001BD04DE001F0E4F91C904CE001F004FA30
:1033F0001C9048E040F60040C4F2026000684005BE
:10340000002806D5FFE742F20040C0F2F4001C900D
:1034100002E000201C90FFE735E040F60040C4F2D7
:10342000026000688006002826D5FFE740F60840C5
:10343000C4F2026000680002002809D5FFE740F6E8
:103440000840C4F20260006800F07060069009E075
:1034500040F6F440C4F20260006800F470600004BA
:103460000690FFE70698010E4DF6F040C0F600000A
:1034700050F821001C9002E000201C90FFE702E0C1
:1034800000201C90FFE7F1E12698279980F08070DA
:10349000084300286DD1FFE740F6E040C4F2026027
:1034A000006800F440301B901B98059078B1FFE74E
:1034B0000598B0F5803F0ED0FFE70598B0F5003FC6
:1034C0000DD0FFE70598B0F5403F1BD04DE001F06F
:1034D0005DF91C904CE001F08FF91C9048E040F63B
:1034E0000040C4F2026000684005002806D5FFE7EE
:1034F00042F20040C0F2F4001C9002E000201C9058
:10350000FFE735E040F60040C4F202600068800644
:10351000002826D5FFE740F60840C4F202600068A4
:103520000002002809D5FFE740F60840C4F2026017
:10353000006800F07060049009E040F6F440C4F2C6
:103540000260006800F4706000040490FFE70498D3
:10355000010E4DF6F040C0F6000050F821001C901E
:1035600002E000201C90FFE702E000201C90FFE733
:103570007BE12698279980F000700843002840F0EE
:103580007080FFE740F6E840C4F20260006800F097
:1035900018001B901B980390182800F25E80039976
:1035A000DFE801F00D5B5B5B5B5B5B5B115B5B5BB7
:1035B0005B5B5B5B155B5B5B5B5B5B5B280001F0F4
:1035C00009F91C904CE001F017F91C9048E040F616
:1035D0000040C4F2026000684005002806D5FFE7FD
:1035E00042F20040C0F2F4001C9002E000201C9067
:1035F000FFE735E040F60040C4F202600068800654
:10360000002826D5FFE740F60840C4F202600068B3
:103610000002002809D5FFE740F60840C4F2026026
:10362000006800F07060029009E040F6F440C4F2D7
:103630000260006800F4706000040290FFE70298E6
:10364000010E4DF6F040C0F6000050F821001C902D
:1036500002E000201C90FFE702E000201C90FFE742
:1036600002E12698279980F080600843002862D103
:10367000FFE740F6E440C4F20260006800F4401046
:103680001B901B980190D8B1FFE70198B0F5801FFF
:103690001AD0FFE70198B0F5001F0BD0FFE70198A3
:1036A000B0F5401F43D1FFE720A8FEF76DFA21983F
:1036B0001C903FE023A8FEF7E5F824981C9039E021
:1036C00001F09AF81C9035E040F60040C4F2026028
:1036D00000688006002826D5FFE740F60840C4F2BF
:1036E000026000680002002809D5FFE740F60840A4
:1036F000C4F20260006800F07060009009E040F6DB
:10370000F440C4F20260006800F4706000040090AD
:10371000FFE70098010E4DF6F040C0F6000050F8AB
:1037200021001C9002E000201C90FFE702E0002036
:103730001C90FFE797E02698279980F08050084377
:10374000E0BBFFE740F6E840C4F20260006800F426
:1037500000401B9040F6F040C4F202600068800711
:10376000002807D5FFE71B9820B9FFE74FF400407A
:103770001C9022E040F6F040C4F2026000680001B4
:10378000002816D5FFE71B98B0F5004F11D1FFE7D1
:1037900040F6F040C4F202600068C000002803D583
:1037A000FFE7FA201C9003E04FF4FA401C90FFE77B
:1037B00002E000201C90FFE7FFE753E026982799DE
:1037C00080F400200843002848D1FFE740F6E44099
:1037D000C4F20260006800F440501B9040F60040C4
:1037E000C4F2026000688004002809D5FFE71B9836
:1037F00030B9FFE746F60040C0F2DC201C902CE018
:1038000040F60040C4F202600068800400280BD536
:10381000FFE71B98B0F5805F06D1FFE743F2006039
:10382000C0F26E101C9017E040F60040C4F2026037
:103830000068400500280BD5FFE71B98B0F5005F36
:1038400006D1FFE742F20040C0F2F4001C9002E013
:1038500000201C90FFE7FFE7FFE702E000201C903C
:10386000FFE7FFE7FFE7FFE7FFE7FFE7FFE7FFE728
:10387000FFE7FFE7FFE7FFE7FFE7FFE7FFE7FFE718
:10388000FFE7FFE7FFE7FFE7FFE7FFE7FFE7FFE708
:10389000FFE7FFE7FFE7FFE71C9828B080BD0000C7
:1038A00080B58EB00D9000208DF82B008DF82A0089
:1038B0000D980068C00760B1FFE740F6E041C4F230
:1038C0000261086820F003000D9A126D1043086031
:1038D000FFE70D980078800700280CD5FFE740F639
:1038E000E041C4F20261086820F00C000D9A526DAC
:1038F00010430860FFE70D980078400700280CD5BA
:10390000FFE740F6E041C4F20261086820F03000B1
:103910000D9A926D10430860FFE70D98007800073C
:1039200000280CD5FFE740F6E041C4F202610868C8
:1039300020F0C0000D9AD26D10430860FFE70D988B
:103940000078C00600280CD5FFE740F6E041C4F23D
:103950000261086820F440700D9A126E10430860EE
:10396000FFE70D980078800600280CD5FFE740F6A9
:10397000E841C4F20261086820F007000D9A526E17
:1039800010430860FFE70D980078400600280CD52A
:10399000FFE740F6E041C4F20261086820F44060AD
:1039A0000D9A926E10430860FFE70D9800780006AC
:1039B00000280CD5FFE740F6E041C4F20261086838
:1039C00020F440500D9AD26E10430860FFE70D9826
:1039D0004078C00760B1FFE740F6E841C4F20261F9
:1039E000086820F0C0000D9A126F10430860FFE7CE
:1039F0000D988078400600280CD5FFE740F6E0419E
:103A0000C4F20261086820F440400D9A526F1043DE
:103A10000860FFE70D984078800700280CD5FFE785
:103A200040F6E841C4F20261086820F440600D9A53
:103A3000926F10430860FFE70D9840784007002818
:103A40000CD5FFE740F6E041C4F20261086820F4BB
:103A500040200D9AD26F10430860FFE70D98407820
:103A6000000700280DD5FFE740F6E841C4F20261E7
:103A7000086820F440700D9AD2F880201043086046
:103A8000FFE70D984078800600284AD5FFE70D989B
:103A9000D0F890000890C8B1FFE7089820281CD003
:103AA000FFE70898402808D0FFE7089860281BD057
:103AB000FFE70898802818D018E040F62841C4F2A3
:103AC0000261086840F48030086013E00D98083007
:103AD00004F060FD8DF82B000CE00D982C3004F004
:103AE00013FE8DF82B0005E004E003E001208DF8C3
:103AF0002B00FFE79DF82B0068B9FFE740F6E44193
:103B0000C4F20261086820F0E0000D9AD2F890201B
:103B10001043086004E09DF82B008DF82A00FFE7B1
:103B2000FFE70D984078400600284ED5FFE70D9836
:103B3000D0F894000790E8B1FFE70798B0F5807FD0
:103B40001FD0FFE70798B0F5007F0AD0FFE707987E
:103B5000B0F5407F1CD0FFE70798B0F5806F18D014
:103B600018E040F62841C4F20261086840F4803051
:103B7000086013E00D98083004F00CFD8DF82B0060
:103B80000CE00D982C3004F0BFFD8DF82B0005E003
:103B900004E003E001208DF82B00FFE79DF82B00E7
:103BA00068B9FFE740F6E441C4F20261086820F416
:103BB000E0600D9AD2F894201043086004E09DF86C
:103BC0002B008DF82A00FFE7FFE70D9840780006EC
:103BD000002842D5FFE70D98D0F8A400069000B366
:103BE000FFE70698B0F5805F1BD0FFE70698B0F5B9
:103BF000005F0FD0FFE70698B0F5405F11D0FFE7F8
:103C00000698B0F5804F0CD0FFE70698B0F5A04FAE
:103C100007D007E00D98083004F0BCFC8DF82B00AD
:103C200004E003E001208DF82B00FFE79DF82B0056
:103C300068B9FFE740F6E841C4F20261086820F481
:103C4000E0400D9AD2F8A4201043086004E09DF8EB
:103C50002B008DF82A00FFE7FFE70D988078C0075A
:103C600000283AD0FFE70D98D0F888000590042886
:103C700018D80599DFE801F013030C14150040F67D
:103C80002841C4F20261086840F4803008600DE009
:103C90000D982C3004F038FD8DF82B0006E005E07F
:103CA00004E003E001208DF82B00FFE79DF82B00D6
:103CB00068B9FFE740F6E441C4F20261086820F009
:103CC00007000D9AD2F888201043086004E09DF8A0
:103CD0002B008DF82A00FFE7FFE70D98807880071A
:103CE000002848D5FFE70D98D0F88C00049020B349
:103CF000FFE70498B0F5803F0FD0FFE70498B0F5D8
:103D0000003F13D0FFE70498B0F5403F16D0FFE71F
:103D10000498B0F5802F12D012E040F62841C4F28A
:103D20000261086840F4803008600DE00D982C3086
:103D300004F0EAFC8DF82B0006E005E004E003E067
:103D400001208DF82B00FFE79DF82B0068B9FFE7F5
:103D500040F6E841C4F20261086820F4E0200D9AC0
:103D6000D2F88C201043086004E09DF82B008DF8F9
:103D70002A00FFE7FFE70D9880784007002840F110
:103D8000B680FFE700208DF8290040F69440C4F289
:103D9000026000684007002813D4FFE7FFE740F601
:103DA0009440C4F20260016841F0040101600068BF
:103DB00000F0040009900998FFE701208DF8290020
:103DC000FFE740F62801C4F20261086840F00100F4
:103DD0000860FDF78FFB0B90FFE740F62800C4F268
:103DE00002600068C00760B9FFE7FDF783FB0B992D
:103DF000401A032804D3FFE703208DF82B0000E0CE
:103E0000EBE79DF82B0000285DD1FFE740F6F0407E
:103E1000C4F20260006800F440700C900C98D0B1BD
:103E2000FFE70C980D99D1F8BC10884213D0FFE73A
:103E300040F6F041C4F20261086820F440700C9032
:103E4000086840F480300860086820F4803008601A
:103E50000C980860FFE79DF83000C007E0B1FFE76D
:103E6000FDF748FB0B90FFE740F6F040C4F202601C
:103E70000068800700280ED4FFE7FDF73BFB0B9995
:103E8000401A41F28931884204D3FFE703208DF8BC
:103E90002B0000E0E8E7FFE79DF82B0068B9FFE79B
:103EA00040F6F041C4F20261086820F440700D9AB7
:103EB000D2F8BC201043086004E09DF82B008DF878
:103EC0002A00FFE704E09DF82B008DF82A00FFE7A9
:103ED0009DF82900012809D1FFE740F69441C4F27A
:103EE0000261086820F004000860FFE7FFE70D9812
:103EF0008078C006002842D5FFE70D98D0F89C00D6
:103F00000390F8B1FFE70398B0F1806F0AD0FFE7A4
:103F10000398B0F1006F0CD0FFE70398B0F1406F49
:103F200011D011E00D98083004F034FB8DF82B000F
:103F30000EE040F62841C4F20261086840F4003007
:103F4000086005E004E003E001208DF82B00FFE7A6
:103F50009DF82B0068B9FFE740F6E041C4F202612A
:103F6000086820F040600D9AD2F89C201043086049
:103F700004E09DF82B008DF82A00FFE7FFE70D987D
:103F80008078000700282ED5FFE70D98D0F898001C
:103F9000029060B1FFE70298B0F5805F05D0FFE7BF
:103FA0000298B0F5005F01D002E005E004E003E014
:103FB00001208DF82B00FFE79DF82B0068B9FFE783
:103FC00040F6E441C4F20261086820F440500D9AC2
:103FD000D2F898201043086004E09DF82B008DF87B
:103FE0002A00FFE7FFE70D988078800600281DD59E
:103FF000FFE70D98D0F8A000B0F5804F09D1FFE79A
:1040000040F62841C4F20261086840F4803008603C
:10401000FFE740F6E441C4F20261086820F4804002
:104020000D9AD2F8A02010430860FFE70D98807821
:10403000000600280DD5FFE740F6E041C4F202611A
:10404000086820F440100D9AD2F8B02010430860A0
:10405000FFE70D98C078C00768B1FFE740F6E04180
:10406000C4F20261086820F440300D9AD2F8B420FE
:1040700010430860FFE70D98C078800700280DD531
:10408000FFE740F6E841C4F20261086820F018003A
:104090000D9AD2F8B82010430860FFE70D98C07859
:1040A0004007002835D5FFE70D98D0F8AC00B0F5F3
:1040B000001F09D1FFE740F62841C4F202610868F9
:1040C00040F400300860FFE70D98D0F8AC00B0F580
:1040D000401F07D1FFE70D98083004F05BFA8DF818
:1040E0002B00FFE79DF82B0068B9FFE740F6E4419D
:1040F000C4F20261086820F440100D9AD2F8AC2096
:104100001043086004E09DF82B008DF82A00FFE7BB
:10411000FFE70D98C078000700283CD5FFE70D9811
:10412000D0F88400019050B1FFE70198B0F1807F92
:1041300006D0FFE70198B0F1007F0AD010E013E04D
:1041400040F62841C4F20261086840F4003008607B
:104150000AE00D98083004F01DFA8DF82B0003E0FA
:1041600001208DF82B00FFE79DF82B0068B9FFE7D1
:1041700040F6E041C4F20261086820F040700D9AF8
:10418000D2F884201043086004E09DF82B008DF8DD
:104190002A00FFE7FFE70D98C078C00600280DD57C
:1041A000FFE740F6E841C4F20261086820F40040ED
:1041B0000D9AD2F8A82010430860FFE79DF82A0066
:1041C0000EB080BD80B588B006900591069820B9E4
:1041D000FFE701208DF81F0084E2059842F20001FC
:1041E000C4F20201096801F00F01884216D9FFE705
:1041F00042F20000C4F20200016821F00F01059AAA
:1042000011430160006800F00F000599884204D056
:10421000FFE701208DF81F0064E2FFE706980078B1
:10422000C006002819D5FFE70698406940F62441EA
:10423000C4F20261096801F0700188420CD9FFE7FD
:1042400040F62441C4F20261086820F07000069A2A
:10425000526910430860FFE7FFE7069800780007FF
:1042600000281BD5FFE70698006940F62041C4F2FC
:104270000261096801F4E061B0EB111F0DD9FFE79D
:1042800040F62041C4F20261086820F4E060069A1A
:10429000126940EA02100860FFE7FFE7069800781D
:1042A0004007002819D5FFE70698C06840F620416E
:1042B000C4F20261096801F0700188420CD9FFE77D
:1042C00040F62041C4F20261086820F07000069AAE
:1042D000D26810430860FFE7FFE706980078800780
:1042E000002819D5FFE70698806840F62041C4F2FF
:1042F0000261096801F00F0188420CD9FFE740F61E
:104300002041C4F20261086820F00F00069A92680A
:1043100010430860FFE7FFE706980078C007002811
:1043200000F01F81FFE700208DF80B000698406821
:1043300003285BD1FFE740F69440C4F202600068B6
:104340004007002813D4FFE7FFE740F69440C4F28B
:104350000260016841F004010160006800F004009F
:1043600001900198FFE701208DF80B00FFE7FDF7B2
:10437000C1F8039040F60C00C4F2026000684003EC
:10438000002817D5FFE7FFE740F60C00C4F20260F3
:104390000068400400280CD4FFE7FDF7ABF8039950
:1043A000401A032804D3FFE703208DF81F0099E18A
:1043B000EAE7FFE79DF80B00012809D1FFE740F687
:1043C0009441C4F20261086820F004000860FFE72D
:1043D00040F60040C4F2026000688001002804D466
:1043E000FFE701208DF81F007CE134E0069840686B
:1043F00002280ED1FFE740F60040C4F202600068D8
:104400008003002804D4FFE701208DF81F0069E134
:1044100020E00698406870B9FFE740F60040C4F21B
:10442000026000684007002804D4FFE701208DF8EF
:104430001F0057E10DE040F60040C4F20260006842
:104440004005002804D4FFE701208DF81F0049E152
:10445000FFE7FFE7FFE740F61C41C4F2026108688E
:1044600020F00300069A526810430860FDF742F8F6
:1044700003900698406803281AD1FFE7FFE740F64B
:104480001C40C4F20260006800F00C000C280ED042
:10449000FFE7FDF72FF80399401A41F2893188426E
:1044A00004D3FFE703208DF81F001BE1E7E757E087
:1044B0000698406802281AD1FFE7FFE740F61C4043
:1044C000C4F20260006800F00C0008280ED0FFE77C
:1044D000FDF710F80399401A41F28931884204D35C
:1044E000FFE703208DF81F00FCE0E7E737E00698C0
:1044F0004068C8B9FFE7FFE740F61C40C4F202601D
:10450000006810F00C0F0ED0FFE7FCF7F3FF0399E3
:10451000401A41F28931884204D3FFE703208DF825
:104520001F00DFE0E8E719E0FFE740F61C40C4F2B7
:104530000260006800F00C0004280ED0FFE7FCF7D2
:10454000D9FF0399401A41F28931884204D3FFE729
:1045500003208DF81F00C5E0E7E7FFE7FFE7FFE76F
:10456000FFE7069800788007002819D5FFE706982E
:10457000806840F62041C4F20261096801F00F0131
:1045800088420CD2FFE740F62041C4F2026108687D
:1045900020F00F00069A926810430860FFE7FFE7DB
:1045A000059842F20001C4F20201096801F00F010E
:1045B000884216D2FFE742F20000C4F2020001680E
:1045C00021F00F01059A11430160006800F00F000F
:1045D0000599884204D0FFE701208DF81F0081E093
:1045E000FFE7069800784007002819D5FFE70698EE
:1045F000C06840F62041C4F20261096801F0700110
:1046000088420CD2FFE740F62041C4F202610868FC
:1046100020F07000069AD26810430860FFE7FFE7B9
:1046200006980078000700281BD5FFE70698006968
:1046300040F62041C4F20261096801F4E061B0EB88
:10464000111F0DD2FFE740F62041C4F20261086855
:1046500020F4E060069A126940EA02100860FFE761
:10466000FFE706980078C006002819D5FFE70698EE
:10467000406940F62441C4F20261096801F070010A
:1046800088420CD2FFE740F62441C4F20261086878
:1046900020F07000069A526910430860FFE7FFE7B8
:1046A00000F0AAF840F62041C4F20261096801F066
:1046B0000F024DF65841C0F60001895CC84040F237
:1046C0000401C2F20001086040F21000C2F20000D2
:1046D0000068FCF765FF8DF813009DF813008DF856
:1046E0001F00FFE79DF81F0008B080BD82B0019059
:1046F000009101991F20086040F61C40C4F202603E
:10470000006800F003000199486040F62040C4F2C0
:104710000260016801F00F01019A9160016801F0E7
:104720007001019AD160006800F4E060000901990D
:10473000086140F62440C4F20260006800F0700096
:104740000199486142F20000C4F20200006800F0E2
:104750000F000099086002B07047000080B500F0BB
:104760004BF840F62041C4F20261096801F00F02E3
:104770004DF65841C0F60001895C20FA01F140F283
:104780000400C2F200000160006880BD80B5FFF740
:10479000E5FF40F62041C4F202610968C1F302124C
:1047A0004DF66841C0F60001895CC84080BD00003C
:1047B00080B5FFF7D3FF40F62041C4F202610968DB
:1047C000C1F302224DF66841C0F60001895CC84081
:1047D00080BD000080B5FFF7C1FF40F62441C4F260
:1047E00002610968C1F302124DF66841C0F600018A
:1047F000895CC84080BD00008BB000200A90059005
:1048000040F61C40C4F20260006800F00C00049006
:1048100040F62840C4F20260006800F003000390F4
:10482000049840B1FFE704980C282DD1FFE70398C6
:10483000012829D1FFE740F60840C4F20260006871
:104840000002002809D4FFE740F6F440C4F20260F9
:10485000006880B2000B0A9007E040F60840C4F2FE
:1048600002600068000F0A90FFE70A994DF6F040D9
:10487000C0F6000050F821000A90049818B9FFE72C
:104880000A980590FFE71CE040F61C40C4F2026065
:10489000006800F00C00042806D1FFE742F2004057
:1048A000C0F2F40005900BE00498082806D1FFE759
:1048B00041F20020C0F27A00059000E0FFE7FFE738
:1048C000FFE704980C2840F0B880FFE740F6284046
:1048D000C4F20260016801F003010991016801F46A
:1048E0007062012101EB122107910068C0F30010F2
:1048F0000690069840F63841C4F20261096889B210
:10490000C90800FB01F000EE100AB8EE400A8DED78
:10491000020A09980090012850D0FFE70098022869
:1049200004D0FFE70098032824D048E09DED070A53
:10493000B8EE401A9FED440A80EE010A40F634407A
:10494000C4F2026000686FF35F2001EE100AB8EE57
:10495000411A9DED022A9FED3B3A82EE032A31EE89
:10496000021AB7EE002A31EE021A20EE010A8DED8E
:10497000010A4AE09DED070AB8EE401A9FED300AA1
:1049800080EE010A40F63440C4F2026000686FF322
:104990005F2001EE100AB8EE411A9DED022A9FED4C
:1049A000293A82EE032A31EE021AB7EE002A31EEDE
:1049B000021A20EE010A8DED010A26E0FFE79DEDC7
:1049C0000A0AB8EE400A9DED071AB8EE411A80EEC9
:1049D000010A40F63440C4F2026000686FF35F20C1
:1049E00001EE100AB8EE411A9DED022A9FED153A2C
:1049F00082EE032A31EE021AB7EE002A31EE021AD5
:104A000020EE010A8DED010AFFE740F63440C4F2C2
:104A10000260006800F0FE41012000EB1160089088
:104A20009DED010A9DED081AB8EE411A80EE010ACB
:104A3000BCEEC00A8DED050AFFE705980BB0704784
:104A40000024F44A000000460024744B10B592B0D4
:104A5000109000208DF82F00109828B9FFE7012052
:104A60008DF8470001F05EB840F61C40C4F20260C9
:104A7000006800F00C000D9040F62840C4F202607F
:104A8000006800F003000C9010980078C006002821
:104A900040F1CD81FFE70D9850B1FFE70D980C284C
:104AA00040F01E81FFE70C98012840F01981FFE7D4
:104AB0001098C06928B9FFE701208DF8470001F080
:104AC00031B81098406A019040F60840C4F2026084
:104AD00000680002002809D5FFE740F60840C4F24C
:104AE0000260006800F07040009009E040F6F44079
:104AF000C4F20260006800F4704000040090FFE718
:104B00000198009988426AD9FFE70D9860B9FFE7DC
:104B10001098406A03F0B2FE28B1FFE701208DF83B
:104B2000470000F0FFBFFFE7FFE740F60841C4F28F
:104B30000261086840F400000860086820F07040D6
:104B4000109A526A10430860FFE7FFE71098406A26
:104B5000B0F1404F0CD3FFE740F60C41C4F20261C4
:104B6000086820F01F00109A126A1043086034E0B1
:104B70001098406AB0F1FF3F0DDCFFE740F60C41B2
:104B8000C4F20261086820F47870109A126A40EA50
:104B90004210086020E01098406AB0F1804F0DD3B9
:104BA000FFE740F60C41C4F20261086820F4F840C7
:104BB000109A126A40EA822008600CE040F60C412C
:104BC000C4F20261086820F47820109A126A40EA60
:104BD000C2300860FFE7FFE7FFE7FFE769E0FFE7B4
:104BE00040F60841C4F20261086840F40000086021
:104BF000086820F07040109A526A10430860FFE77E
:104C0000FFE71098406AB0F1404F0CD3FFE740F641
:104C10000C41C4F20261086820F01F00109A126A69
:104C20001043086034E01098406AB0F1FF3F0DDC9B
:104C3000FFE740F60C41C4F20261086820F4787086
:104C4000109A126A40EA4210086020E01098406A08
:104C5000B0F1804F0DD3FFE740F60C41C4F2026182
:104C6000086820F4F840109A126A40EA822008602E
:104C70000CE040F60C41C4F20261086820F4782090
:104C8000109A126A40EAC2300860FFE7FFE7FFE7C8
:104C9000FFE70D9860B9FFE71098406A03F0EEFD5A
:104CA00028B1FFE701208DF8470000F03BBFFFE788
:104CB000FFE7FFF753FD40F21000C2F2000000686A
:104CC000FCF76EFC8DF83B009DF83B0030B1FFE730
:104CD0009DF83B008DF8470000F024BFFFE7A5E0FA
:104CE0001098C06900287DD0FFE740F60041C4F26B
:104CF0000261086840F001000860FCF7FBFB0F90C0
:104D0000FFE740F60040C4F2026000684007002858
:104D10000DD4FFE7FCF7EEFB0F99401A032805D3EB
:104D2000FFE703208DF8470000F0FCBEE9E7FFE74E
:104D300040F60841C4F20261086840F400000860CF
:104D4000086820F07040109A526A10430860FFE72C
:104D5000FFE71098406AB0F1404F0CD3FFE740F6F0
:104D60000C41C4F20261086820F01F00109A126A18
:104D70001043086034E01098406AB0F1FF3F0DDC4A
:104D8000FFE740F60C41C4F20261086820F4787035
:104D9000109A126A40EA4210086020E01098406AB7
:104DA000B0F1804F0DD3FFE740F60C41C4F2026131
:104DB000086820F4F840109A126A40EA82200860DD
:104DC0000CE040F60C41C4F20261086820F478203F
:104DD000109A126A40EAC2300860FFE7FFE7FFE777
:104DE000FFE722E040F60041C4F20261086820F0CB
:104DF00001000860FCF77EFB0F90FFE740F60040E3
:104E0000C4F202600068400700280DD5FFE7FCF7F8
:104E100071FB0F99401A032805D3FFE703208DF893
:104E2000470000F07FBEE9E7FFE7FFE7FFE71098E4
:104E30000078C007002800F0A580FFE70D9808283B
:104E400008D0FFE70D980C280ED1FFE70C98032837
:104E50000AD1FFE71098406828B9FFE701208DF8D4
:104E6000470000F05FBE8CE0FFE710984068B0F5A7
:104E7000803F09D1FFE740F60041C4F202610868B3
:104E800040F48030086040E010984068B0F5A02FF2
:104E900011D1FFE740F60041C4F20261086840F416
:104EA00080200860086820F480100860086840F4DA
:104EB0008030086028E010984068B0F5A81F11D134
:104EC000FFE740F60041C4F20261086840F4802028
:104ED0000860086840F480100860086840F480307A
:104EE000086010E040F60041C4F20261086820F456
:104EF00080300860086820F480200860086820F48A
:104F000080100860FFE7FFE7FFE7FFE710984068C1
:104F1000D8B1FFE7FCF7EEFA0F90FFE740F600404C
:104F2000C4F202600068800300280DD4FFE7FCF79C
:104F3000E1FA0F99401A652805D3FFE703208DF8A1
:104F4000470000F0EFBDE9E71AE0FCF7D3FA0F9055
:104F5000FFE740F60040C4F20260006880030028CA
:104F60000DD5FFE7FCF7C6FA0F99401A652805D35F
:104F7000FFE703208DF8470000F0D4BDE9E7FFE725
:104F8000FFE7FFE710980078800700287BD5FFE750
:104F90000D98042808D0FFE70D980C281BD1FFE7D7
:104FA0000C98022817D1FFE71098C06828B9FFE7CE
:104FB00001208DF8470000F0B5BD40F61041C4F265
:104FC0000261086820F4F810109A126940EA024061
:104FD0000860FFE756E01098C06878B3FFE740F636
:104FE0000041C4F20261086840F480700860FCF778
:104FF00081FA0F90FFE740F60040C4F202600068BB
:10500000400500280DD4FFE7FCF774FA0F99401A09
:10501000032805D3FFE703208DF8470000F082BD89
:10502000E9E740F61041C4F20261086820F4F81084
:10503000109A126940EA0240086022E040F60041FE
:10504000C4F20261086820F480700860FCF752FA2C
:105050000F90FFE740F60040C4F202600068400590
:1050600000280DD5FFE7FCF745FA0F99401A0328F1
:1050700005D3FFE703208DF8470000F053BDE9E7B3
:10508000FFE7FFE7FFE7109800780007002840F1EE
:10509000F980FFE700208DF8230040F69440C4F229
:1050A000026000684007002813D4FFE7FFE740F6DE
:1050B0009440C4F20260016841F00401016000689C
:1050C00000F0040007900798FFE701208DF8230007
:1050D000FFE740F62800C4F202600068C00710BB7A
:1050E000FFE740F62801C4F20261086840F00100C1
:1050F0000860FCF7FFF90F90FFE740F62800C4F2C4
:1051000002600068C00768B9FFE7FCF7F3F90F9980
:10511000401A032805D3FFE703208DF8470000F06D
:1051200001BDEAE7FFE710984069002878D0FFE763
:1051300040F6F040C4F20260006806901098806962
:10514000069901F08051884247D0FFE79DF81B0087
:10515000000700280CD5FFE7069800F08060B0F14A
:10516000806F05D0FFE701208DF8470000F0DABC22
:105170009DF81B004007002823D5FFE740F6F041CB
:10518000C4F20261086820F0A0500860FCF7B2F990
:105190000F90FFE740F6F040C4F2026000680001A3
:1051A00000280DD5FFE7FCF7A5F90F99401A06284E
:1051B00005D3FFE703208DF8470000F0B3BCE9E713
:1051C000FFE740F6F041C4F20261086820F0805029
:1051D000109A926910430860FFE740F6F041C4F26C
:1051E0000261086840F080600860FCF783F90F9066
:1051F000FFE740F6F040C4F20260006800010028BA
:105200000DD4FFE7FCF776F90F99401A062805D36D
:10521000FFE703208DF8470000F084BCE9E722E0B7
:1052200040F6F041C4F20261086820F0A050086026
:10523000FCF760F90F90FFE740F6F040C4F202601F
:105240000068000100280DD5FFE7FCF753F90F991E
:10525000401A062805D3FFE703208DF8470000F029
:1052600061BCE9E7FFE79DF82300012809D1FFE7CA
:1052700040F69441C4F20261086820F0040008601E
:10528000FFE7FFE7109800784007002840F13781DA
:10529000FFE700208DF8170040F69440C4F202604A
:1052A00000684007002813D4FFE7FFE740F694406A
:1052B000C4F20260016841F004010160006800F07E
:1052C000040004900498FFE701208DF81700FFE721
:1052D00040F62800C4F202600068C00710BBFFE778
:1052E00040F62801C4F20261086840F0010008603D
:1052F000FCF700F90F90FFE740F62800C4F20260C7
:105300000068C00768B9FFE7FCF7F4F80F99401A86
:10531000032805D3FFE703208DF8470000F002BC07
:10532000EAE7FFE71098007AC007E8B1FFE71098B6
:10533000007A400700280DD5FFE740F6F041C4F29F
:105340000261086840F004000860086840F001004D
:10535000086008E040F6F041C4F20261086840F0DD
:1053600001000860FFE70CE040F6F041C4F2026182
:10537000086820F001000860086820F00400086058
:10538000FFE710988068002864D0FFE7FCF7B2F8C8
:105390000F90FFE740F6F040C4F20260006880071B
:1053A00000280ED4FFE7FCF7A5F80F99401A41F248
:1053B0008931884204D3FFE703208DF84700B1E329
:1053C000E8E71098007A0006002821D5FFE740F6AC
:1053D000F041C4F20261086840F080000860FFE715
:1053E00040F6F040C4F202600068000500280ED4C8
:1053F000FFE7FCF77FF80F99401A41F289318842A4
:1054000004D3FFE703208DF847008BE3E8E720E0B3
:1054100040F6F041C4F20261086820F080000860A4
:10542000FFE740F6F040C4F2026000680005002883
:105430000ED5FFE7FCF75EF80F99401A41F289316B
:10544000884204D3FFE703208DF847006AE3E8E7CA
:10545000FFE745E0FCF74EF80F90FFE740F6F0401D
:10546000C4F202600068800700280ED5FFE7FCF751
:1054700041F80F99401A41F28931884204D3FFE77D
:1054800003208DF847004DE3E8E740F6F040C4F212
:10549000026000680006002821D5FFE740F6F041D1
:1054A000C4F20261086820F080000860FFE740F65F
:1054B000F040C4F202600068000500280ED5FFE746
:1054C000FCF718F80F99401A41F28931884204D349
:1054D000FFE703208DF8470024E3E8E7FFE7FFE755
:1054E0009DF81700012809D1FFE740F69441C4F266
:1054F0000261086820F004000860FFE7FFE71098E9
:1055000000788006002849D5FFE71098C06A10B3DC
:10551000FFE740F60041C4F20261086840F48050A1
:105520000860FBF7E7FF0F90FFE740F60040C4F28A
:1055300002600068800400280CD4FFE7FBF7DAFF64
:105540000F99401A032804D3FFE703208DF8470082
:10555000E8E2EAE721E040F60041C4F202610868AF
:1055600020F480500860FBF7C5FF0F90FFE740F67E
:105570000040C4F202600068800400280CD5FFE7F8
:10558000FBF7B8FF0F99401A032804D3FFE7032065
:105590008DF84700C6E2EAE7FFE7FFE710980078DA
:1055A0000006002849D5FFE71098006B10B3FFE70D
:1055B00040F60041C4F20261086840F4804008608F
:1055C000FBF798FF0F90FFE740F60040C4F202603F
:1055D0000068000400280CD4FFE7FBF78BFF0F994D
:1055E000401A032804D3FFE703208DF8470099E20F
:1055F000EAE721E040F60041C4F20261086820F4C5
:1056000080400860FBF776FF0F90FFE740F6004010
:10561000C4F202600068000400280CD5FFE7FBF725
:1056200069FF0F99401A032804D3FFE703208DF880
:10563000470077E2EAE7FFE7FFE7109800784006C7
:10564000002840F1A580FFE71098406B00287CD02F
:10565000FFE7FFE740F60841C4F20261086840F442
:1056600000000860086820F07060109A926A104389
:105670000860FFE7FFE71098406AB0F1404F0CD395
:10568000FFE740F60C41C4F20261086820F01F00F9
:10569000109A126A1043086034E01098406AB0F122
:1056A000FF3F0DDCFFE740F60C41C4F202610868E1
:1056B00020F47870109A126A40EA4210086020E0E4
:1056C0001098406AB0F1804F0DD3FFE740F60C41CF
:1056D000C4F20261086820F4F840109A126A40EAA5
:1056E000822008600CE040F60C41C4F202610868B8
:1056F00020F47820109A126A40EAC2300860FFE76E
:10570000FFE7FFE7FFE740F60041C4F202610868E7
:1057100040F010000860FBF7EDFE0F90FFE740F649
:105720000040C4F202600068800600280CD4FFE745
:10573000FBF7E0FE0F99401A032804D3FFE703208C
:105740008DF84700EEE1EAE721E040F60041C4F2BF
:105750000261086820F010000860FBF7CBFE0F9094
:10576000FFE740F60040C4F20260006880060028AF
:105770000CD5FFE7FBF7BEFE0F99401A032804D3B0
:10578000FFE703208DF84700CCE1EAE7FFE7FFE7FA
:105790001098806B002800F0C181FFE700208DF891
:1057A0000F0040F61C40C4F20260006800F00C00DC
:1057B0000C2800F02C81FFE71098806B022840F045
:1057C000F880FFE740F60041C4F20261086820F06B
:1057D00080700860FBF78EFE0F90FFE740F60040F8
:1057E000C4F202600068800100280CD5FFE7FBF7D7
:1057F00081FE0F99401A032804D3FFE703208DF898
:1058000047008FE1EAE740F69440C4F20260006886
:105810004007002813D4FFE7FFE740F69440C4F2A6
:105820000260016841F004010160006800F00400BA
:1058300002900298FFE701208DF80F00FFE740F685
:105840000C00C4F2026000684003002804D5FFE7A2
:1058500001208DF82F00FFE740F60C01C4F2026131
:10586000086820F480200860FFE740F62841C4F271
:10587000026108684FF603729043109BDA6BD3F80D
:1058800040E05B6C6FF0FF0C0CEB0E2C42EA0C025C
:105890001A431043086040F63441C4F202610868BC
:1058A0000022C8F280021040109B9A6CDC6CD3F886
:1058B00050E0D3F854C0013A6FF35F224FF6006313
:1058C000CFF6FF7303EB44239BB21A440023CFF6B9
:1058D000FF7303EB0E4303F4FE031A444FF07F43C0
:1058E00003EB0C6303F0FE431A4410440860FFE727
:1058F00040F62841C4F20261086820F010000860F8
:105900001098C06DC00040F63842C4F202621060C8
:10591000086840F010000860086820F00C00109A39
:10592000926D104308609DF82F00012809D1FFE710
:1059300040F60C01C4F20261086840F4802008605F
:10594000FFE79DF80F00012809D1FFE740F69441D9
:10595000C4F20261086820F004000860FFE740F626
:105960000041C4F20261086840F080700860FBF7F3
:10597000C1FD0F90FFE740F60040C4F202600068EE
:10598000800100280CD4FFE7FBF7B4FD0F99401A03
:10599000032804D3FFE703208DF84700C2E0EAE7BD
:1059A00040F62841C4F20261086840F48020086093
:1059B0002CE040F60041C4F20261086820F08070DB
:1059C0000860FBF797FD0F90FFE740F60040C4F238
:1059D00002600068800100280CD5FFE7FBF78AFD14
:1059E0000F99401A032804D3FFE703208DF84700DE
:1059F00098E0EAE740F62841C4F2026108684FF6F1
:105A0000FC72CFF6F87210400860FFE785E040F6C0
:105A10002840C4F2026000680A9040F63440C4F2A4
:105A20000260006809901098806B012840D0FFE761
:105A30000A9800F003001099C96B884238D1FFE73B
:105A40000A9800F470611098006C0138B0EB112FC7
:105A50002ED1FFE70A9800F470401099496C8842F3
:105A600026D1FFE709986FF35F201099896C0139FF
:105A700088421DD1FFE7BDF824101098C06C013892
:105A8000B0EB512F14D1FFE7099800F4FE011098F4
:105A9000006D0138B0EB114F0AD1FFE7099800F013
:105AA000FE411098406D0138B0EB116F04D0FFE754
:105AB00001208DF8470035E040F63840C4F202601E
:105AC000006881B21098C06DB0EBD10F24D0FFE711
:105AD00040F62841C4F20261086820F01000086016
:105AE000FBF708FD0F90FFE7FBF704FD0F99401A45
:105AF00008B9FFE7F8E71098C06DC00040F63841DC
:105B0000C4F20261086040F62841C4F202610868EC
:105B100040F010000860FFE7FFE7FFE700208DF886
:105B20004700FFE79DF8470012B010BD82B001901A
:105B300001980090042843D80099DFE801F00C1D7B
:105B40002F4103004EF21001CEF20001086840F030
:105B50000400086035E04EF21001CEF20001086842
:105B600020F00400086040F6E041C4F202610868D9
:105B700020F44000086024E04EF21001CEF2000153
:105B8000086820F00400086040F6E041C4F20261B9
:105B90000868012262F39750086012E04EF210018B
:105BA000CEF20001086820F00400086040F6E041F1
:105BB000C4F202610868022262F39750086000E0B4
:105BC000FFE702B07047000081B0009001B070475D
:105BD00081B0009001B0704781B0009001B0704773
:105BE00084B00290019100200090FFE7029890F8A5
:105BF0003C00012804D1FFE702208DF80F0095E05A
:105C00000299012081F83C00FFE7FFE7009820F0AF
:105C1000FF000199C96808430090009820F4407083
:105C20000199896808430090009820F480600199E8
:105C3000496808430090009820F4006001990968C1
:105C400008430090009820F48050019909690843A6
:105C50000090009820F40050019949690843009091
:105C6000009820F480400199096B08430090009847
:105C700020F470200199896940EA01400090009861
:105C800020F080500199C96908430090029800688B
:105C900042F60041C4F2010188421BD0FFE702989E
:105CA000006842F60041C5F20101884212D0FFE7C8
:105CB0000298006843F20041C4F20101884209D011
:105CC000FFE70298006843F20041C5F201018842F3
:105CD0001ED1FFE7009820F470000199896A40EA1C
:105CE00001500090009820F080700199096A0843E3
:105CF0000090009820F000700199496A08430090D4
:105D0000009820F000500199C96A08430090FFE70D
:105D10000098029909684864FFE70299002081F819
:105D20003C00FFE700208DF80F00FFE79DF80F0013
:105D300004B0704781B0009001B0704781B000900E
:105D400001B0704781B0009001B0704785B00390FA
:105D50000291FFE7039890F83C00012804D1FFE787
:105D600002208DF81300E3E00399012081F83C0044
:105D7000FFE7FFE70399022081F83D0003980068E0
:105D8000406801900398006880680090039800685C
:105D900042F60041C4F2010188421BD0FFE703989C
:105DA000006842F60041C5F20101884212D0FFE7C7
:105DB0000398006843F20041C4F20101884209D00F
:105DC000FFE70398006843F20041C5F201018842F1
:105DD0000AD1FFE7019820F4700001900298416811
:105DE000019808430190FFE701984FF68F71CFF6B5
:105DF000FF51084001900298016801980843019002
:105E000001980399096848600398006842F60041C8
:105E1000C4F2010188426FD0FFE70398006842F6A0
:105E20000041C5F20101884266D0FFE7039800688F
:105E3000B0F1804F60D0FFE703980068B0F1A04F49
:105E40005AD0FFE70398006840F20041C4F2000115
:105E5000884251D0FFE70398006840F20041C5F244
:105E60000001884248D0FFE70398006840F600012F
:105E7000C4F2000188423FD0FFE70398006840F673
:105E80000001C5F20001884236D0FFE703980068A0
:105E900040F60041C4F2000188422DD0FFE703988C
:105EA000006840F60041C5F20001884224D0FFE7B7
:105EB0000398006843F20041C4F2010188421BD0FC
:105EC000FFE70398006843F20041C5F201018842F0
:105ED00012D0FFE70398006844F20001C4F2010108
:105EE000884209D0FFE70398006844F20001C5F238
:105EF000010188420ED1FFE7009820F08000009059
:105F000002988168009808430090009803990968F6
:105F10008860FFE70399012081F83D00FFE70399BE
:105F2000002081F83C00FFE700208DF81300FFE718
:105F30009DF8130005B0704781B0009001B0704724
:105F400080B582B00090009820B9FFE701208DF85D
:105F5000070045E0009890F83D0040B9FFE7009940
:105F6000002081F83C00009800F03EF8FFE700991F
:105F7000022081F83D00009951F8040B02F0DEFE8A
:105F80000099012081F84800FFE70099012081F87D
:105F90003E00009981F83F00009981F84000009987
:105FA00081F84100009981F84200009981F843008E
:105FB000FFE7FFE70099012081F84400009981F88C
:105FC0004500009981F84600009981F84700FFE7F5
:105FD0000099012081F83D0000208DF80700FFE7BF
:105FE0009DF8070002B080BD80B588B00790079883
:105FF000006842F60041C4F20101884210D1FFE777
:10600000FFE740F6A440C4F20260016841F4006179
:106010000160006800F4006006900698FFE78AE0DF
:106020000798006841F20001C4F20001884210D1D3
:10603000FFE7FFE740F69C40C4F20260016841F0D0
:1060400010010160006800F0100005900598FFE75E
:1060500070E00798006843F20041C4F201018842F1
:1060600019D1FFE7FFE740F6A440C4F202600168DF
:1060700041F400510160006800F40050049004985D
:10608000FFE73420009005210022FBF719FB009860
:10609000FBF70CFB4DE00798006844F20001C4F2E6
:1060A0000101884210D1FFE7FFE740F6A440C4F2A7
:1060B0000260016841F480310160006800F48030C2
:1060C00003900398FFE733E00798006844F200412B
:1060D000C4F20101884210D1FFE7FFE740F6A44077
:1060E000C4F20260016841F400310160006800F40C
:1060F000003002900298FFE719E00798006844F624
:106100000001C4F20101884210D1FFE7FFE740F629
:10611000A440C4F20260016841F48021016000687B
:1061200000F4802001900198FFE7FFE7FFE7FFE719
:10613000FFE7FFE7FFE708B080BD000083B00190F4
:10614000019890F83D00012804D0FFE701208DF868
:106150000B009FE00199022081F83D000198006842
:1061600042F60041C4F2010188426FD0FFE7019876
:10617000006842F60041C5F20101884266D0FFE79F
:1061800001980068B0F1804F60D0FFE70198006887
:10619000B0F1A04F5AD0FFE70198006840F20041EB
:1061A000C4F20001884251D0FFE70198006840F234
:1061B0000041C5F20001884248D0FFE7019800681D
:1061C00040F60001C4F2000188423FD0FFE7019889
:1061D000006840F60001C5F20001884236D0FFE7B2
:1061E0000198006840F60041C4F2000188422DD0B9
:1061F000FFE70198006840F60041C5F200018842BF
:1062000024D0FFE70198006843F20041C4F2010185
:1062100088421BD0FFE70198006843F20041C5F2B5
:106220000101884212D0FFE70198006844F20001A2
:10623000C4F20101884209D0FFE70198006844F2E6
:106240000001C5F20101884219D1FFE701980068F9
:1062500080680721C0F201010840009000980628DC
:106260000CD0FFE70098B0F5803F07D0FFE701981A
:106270000168086840F001000860FFE706E0019847
:106280000168086840F001000860FFE700208DF811
:106290000B00FFE79DF80B0003B0704783B001903F
:1062A000019890F83D00012804D0FFE701208DF807
:1062B0000B00A5E00199022081F83D0001980168DA
:1062C000C86840F00100C8600198006842F60041CB
:1062D000C4F2010188426FD0FFE70198006842F6DE
:1062E0000041C5F20101884266D0FFE701980068CD
:1062F000B0F1804F60D0FFE701980068B0F1A04F87
:106300005AD0FFE70198006840F20041C4F2000152
:10631000884251D0FFE70198006840F20041C5F281
:106320000001884248D0FFE70198006840F600016C
:10633000C4F2000188423FD0FFE70198006840F6B0
:106340000001C5F20001884236D0FFE701980068DD
:1063500040F60041C4F2000188422DD0FFE70198C9
:10636000006840F60041C5F20001884224D0FFE7F2
:106370000198006843F20041C4F2010188421BD039
:10638000FFE70198006843F20041C5F2010188422D
:1063900012D0FFE70198006844F20001C4F2010145
:1063A000884209D0FFE70198006844F20001C5F275
:1063B0000101884219D1FFE7019800688068072130
:1063C000C0F2010108400090009806280CD0FFE7B9
:1063D0000098B0F5803F07D0FFE701980168086892
:1063E00040F001000860FFE706E0019801680868D6
:1063F00040F001000860FFE700208DF80B00FFE788
:106400009DF80B0003B0704780B586B004900391EF
:1064100000208DF80B00FFE7049890F83C0001285D
:1064200004D1FFE702208DF81700D8E0049901207D
:1064300081F83C00FFE7FFE70499022081F83D0066
:10644000049800688068019001984FF68871CFF633
:10645000CE7108400190019820F47F40019001988E
:10646000049909688860039800680090002800F08B
:106470009C80FFE70098102800F09780FFE70098C5
:10648000202800F09280FFE70098302800F08D80EF
:10649000FFE7009840287BD0FFE7009850285DD0A8
:1064A000FFE70098602866D0FFE70098702831D099
:1064B000FFE70098B0F5805F2BD0FFE70098B0F5BC
:1064C000005F3CD0FFE70098B0F5801F6DD0FFE77C
:1064D0000098B0F1101F68D0FFE700982021C0F2AB
:1064E0001001884261D0FFE700983021C0F210010E
:1064F00088425AD0FFE700984021C0F2100188423C
:1065000053D0FFE700987021C0F2100188424CD0B0
:1065100052E055E004980068039B5A689968DB686C
:1065200002F098FD0498006880680190019840F09E
:1065300077000190019804990968886040E0049808
:106540000068039B5A689968DB6802F083FD049831
:106550000168886840F48040886031E004980068F1
:10656000039A5168D26803F0E3FA04980068502156
:1065700002F08AFD24E004980068039A5168D2680A
:1065800003F054FB04980068602102F07DFD17E0E1
:1065900004980068039A5168D26803F0C9FA049815
:1065A0000068402102F070FD0AE004980068039939
:1065B000096802F069FD03E001208DF80B00FFE798
:1065C0000499012081F83D00FFE70499002081F83B
:1065D0003C00FFE79DF80B008DF81700FFE79DF8E2
:1065E000170006B080BD000081B0009001B0704778
:1065F00080B584B0039003980068C0680290039847
:106600000068006901909DF804008007002824D5E7
:10661000FFE79DF80800800700281DD5FFE70398D5
:1066200001686FF002000861039901200877039860
:1066300000688069800720B1FFE70398FFF7D4FF67
:1066400006E0039800F0DCF9039800F00DFBFFE78B
:10665000039900200877FFE7FFE79DF80400400753
:10666000002825D5FFE79DF80800400700281ED523
:10667000FFE7039801686FF00400086103990220A6
:10668000087703980068806910F4407F04D0FFE722
:106690000398FFF7A9FF06E0039800F0B1F903980B
:1066A00000F0E2FAFFE7039900200877FFE7FFE731
:1066B0009DF804000007002824D5FFE79DF8080096
:1066C000000700281DD5FFE7039801686FF0080058
:1066D000086103990420087703980068C06980075F
:1066E00020B1FFE70398FFF77FFF06E0039800F073
:1066F00087F9039800F0B8FAFFE7039900200877BC
:10670000FFE7FFE79DF80400C006002825D5FFE756
:106710009DF80800C00600281ED5FFE70398016811
:106720006FF010000861039908200877039800684B
:10673000C06910F4407F04D0FFE70398FFF754FFCF
:1067400006E0039800F05CF9039800F08DFAFFE78B
:10675000039900200877FFE7FFE79DF80400C007D2
:1067600078B1FFE79DF80800C00748B1FFE703983C
:1067700001686FF001000861039800F025FCFFE755
:10678000FFE7019800F08000802806D0FFE79DF821
:1067900005008006002810D5FFE79DF808000006D8
:1067A000002809D5FFE7039801686FF402500861DB
:1067B0000398FFF70DFAFFE7FFE79DF80500C00714
:1067C00080B1FFE79DF808000006002809D5FFE723
:1067D000039801686FF4807008610398FFF7F4F97B
:1067E000FFE7FFE79DF804004006002810D5FFE70B
:1067F0009DF808004006002809D5FFE703980168C6
:106800006FF040000861039800F0F0FBFFE7FFE73E
:106810009DF804008006002810D5FFE79DF80800C9
:106820008006002809D5FFE7039801686FF0200073
:1068300008610398FFF7D0F9FFE7FFE79DF806002E
:10684000C006002810D5FFE79DF80A00C006002802
:1068500009D5FFE7039801686FF480100861039879
:10686000FFF76CFAFFE7FFE79DF8060080060028B7
:1068700010D5FFE79DF80A008006002809D5FFE73C
:10688000039801686FF4001008610398FFF752FA4B
:10689000FFE7FFE79DF806004006002810D5FFE758
:1068A0009DF80A004006002809D5FFE70398016813
:1068B0006FF4800008610398FFF744FAFFE7FFE7F1
:1068C0009DF806000006002810D5FFE79DF80A0095
:1068D0000006002809D5FFE7039801686FF400005F
:1068E00008610398FFF728FBFFE7FFE704B080BDCE
:1068F00080B58AB009900020089007900690059016
:1069000004900998006844F20001C4F20101884231
:1069100021D1FFE7FFE740F68C40C4F20260016836
:1069200041F002010160006800F00200039003984A
:10693000FFE74FF4404004900220059000200690AD
:1069400007900E20089040F20040C4F2022004A9F3
:10695000FAF798FB51E00998006844F20041C4F24C
:10696000010188421FD1FFE7FFE740F68C40C4F2E7
:106970000260016841F001010160006800F001005F
:1069800002900298FFE7402004900220059000202A
:10699000069007900E2008900020C4F2022004A95F
:1069A000FAF770FB28E00998006844F60001C4F289
:1069B000010188421FD1FFE7FFE740F68C40C4F297
:1069C0000260016841F001010160006800F001000F
:1069D00001900198FFE7802004900220059000209C
:1069E000069007900E2008900020C4F2022004A90F
:1069F000FAF748FBFFE7FFE7FFE70AB080BD0000BA
:106A000081B0009001B0704780B586B004900391CA
:106A1000029200208DF80700FFE7049890F83C00F0
:106A2000012804D1FFE702208DF81700C0E0049987
:106A3000012081F83C00FFE7FFE70298009014284E
:106A400000F2A7800099DFE801F00BA4A4A424A41D
:106A5000A4A43EA4A4A457A4A4A471A4A4A48A009A
:106A600004980068039902F027FB0498016888697C
:106A700040F00800886104980168886920F00400EB
:106A800088610398026904980168886910438861E5
:106A900083E004980068039902F00AFC04980168F6
:106AA000886940F40060886104980168886920F46E
:106AB000806088610398026904980168886940EAE7
:106AC0000220886169E004980068039902F0FAFCEA
:106AD00004980168C86940F00800C861049801681A
:106AE000C86920F00400C86103980269049801682D
:106AF000C8691043C86150E004980068039902F027
:106B0000E9FD04980168C86940F40060C861049810
:106B10000168C86920F48060C8610398026904981C
:106B20000168C86940EA0220C86136E0049800683C
:106B3000039902F0D9FE04980168086D40F008003E
:106B4000086504980168086D20F004000865039842
:106B5000026904980168086D104308651DE00498F7
:106B60000068039902F052FF04980168086D40F430
:106B70000060086504980168086D20F4806008656D
:106B80000398026904980168086D40EA02200865CC
:106B900003E001208DF80700FFE7FFE704990020DC
:106BA00081F83C00FFE79DF807008DF81700FFE72C
:106BB0009DF8170006B080BD80B582B000900098A7
:106BC00020B9FFE701208DF8070045E0009890F814
:106BD0003D0040B9FFE70099002081F83C00009893
:106BE00000F03EF8FFE70099022081F83D0000998F
:106BF00051F8040B02F0A2F80099012081F8480036
:106C0000FFE70099012081F83E00009981F83F00DC
:106C1000009981F84000009981F84100009981F8BD
:106C20004200009981F84300FFE7FFE70099012047
:106C300081F84400009981F84500009981F84600E8
:106C4000009981F84700FFE70099012081F83D0095
:106C500000208DF80700FFE79DF8070002B080BD17
:106C600081B0009001B0704781B0009001B07047D2
:106C700080B590B00E900D910D9828B9FFE70E9851
:106C800090F83E000B9034E00D98042805D1FFE702
:106C90000E9890F83F000A9028E00D98082805D13A
:106CA000FFE70E9890F8400009901CE00D980C2822
:106CB00005D1FFE70E9890F84100089010E00D987C
:106CC000102805D1FFE70E9890F84200079004E0E5
:106CD0000E9890F843000790FFE707980890FFE7A9
:106CE00008980990FFE709980A90FFE70A980B9027
:106CF000FFE70B98012804D0FFE701208DF83F0043
:106D00005DE10D9828B9FFE70E99022081F83E0059
:106D100038E00D98042806D1FFE70E99022081F88B
:106D20003F0006902CE00D98082806D1FFE70E9949
:106D3000022081F8400005901FE00D980C2806D134
:106D4000FFE70E99022081F84100049012E00D98AF
:106D5000102806D1FFE70E99022081F84200039027
:106D600005E00E99022081F843000390FFE70398A5
:106D70000490FFE704980590FFE705980690FFE769
:106D80000698FFE70E9800680D990122019202F023
:106D900045F901980E99096842F60042C4F20102D1
:106DA0009142029064D0FFE70E980168012042F6FC
:106DB0000042C5F201029142029059D0FFE70E98BD
:106DC0000168012043F20042C4F2010291420290A4
:106DD0004ED0FFE70E980168012043F20042C5F251
:106DE00001029142029043D0FFE70E980168012012
:106DF00044F20002C4F201029142029038D0FFE74F
:106E00000E980168012044F20002C5F2010291428D
:106E100002902DD0FFE70E980168012044F2004255
:106E2000C4F201029142029022D0FFE70E9801685D
:106E3000012044F20042C5F201029142029017D0B3
:106E4000FFE70E980168012044F60002C4F2010237
:106E5000914202900CD0FFE70E9800684BF60001BB
:106E6000CAF6FE710844B0FA80F040090290FFE7CC
:106E70000298C00738B1FFE70E980168486C40F4EB
:106E800000404864FFE70E98006842F60041C4F2F3
:106E9000010188426FD0FFE70E98006842F600417A
:106EA000C5F20101884266D0FFE70E980068B0F194
:106EB000804F60D0FFE70E980068B0F1A04F5AD025
:106EC000FFE70E98006840F20041C4F200018842DA
:106ED00051D0FFE70E98006840F20041C5F2000172
:106EE000884248D0FFE70E98006840F60001C4F2DF
:106EF000000188423FD0FFE70E98006840F600018D
:106F0000C5F20001884236D0FFE70E98006840F6CF
:106F10000041C4F2000188422DD0FFE70E980068BE
:106F200040F60041C5F20001884224D0FFE70E98E8
:106F3000006843F20041C4F2010188421BD0FFE720
:106F40000E98006843F20041C5F20101884212D058
:106F5000FFE70E98006844F20001C4F20101884284
:106F600009D0FFE70E98006844F20001C5F2010164
:106F7000884219D1FFE70E98006880680721C0F2A7
:106F8000010108400C900C9806280CD0FFE70C98E3
:106F9000B0F5803F07D0FFE70E980168086840F021
:106FA00001000860FFE706E00E980168086840F0FD
:106FB00001000860FFE700208DF83F00FFE79DF823
:106FC0003F0010B080BD000080B582B001900198F4
:106FD000006841F20041C4F20001884203D1FFE79A
:106FE000FAF798FAFFE702B080BD000081B0009088
:106FF00001B0704783B00190FFE7019890F88400DA
:10700000012804D1FFE702208DF80B002CE0019944
:10701000012081F88400FFE7FFE701992420C1F8EF
:10702000880001980068006800900198016808686D
:1070300020F001000860009820F0005000900199B5
:10704000002048660098019909680860019920208D
:10705000C1F88800FFE70199002081F88400FFE76C
:1070600000208DF80B00FFE79DF80B0003B0704780
:1070700082B00190ADF8021002B0704781B000906C
:1070800001B0704780B584B002900191FFE702988B
:1070900090F88400012804D1FFE702208DF80F004A
:1070A00032E00299012081F88400FFE7FFE70299AE
:1070B0002420C1F8880002980068006800900298B7
:1070C0000168086820F00100086002980068806884
:1070D00020F060600199084302990968886002986D
:1070E00002F034FE00980299096808600299202095
:1070F000C1F88800FFE70299002081F88400FFE7CB
:1071000000208DF80F00FFE79DF80F0004B080BD50
:1071100080B584B002900191FFE7029890F8840056
:10712000012804D1FFE702208DF80F0032E0029918
:10713000012081F88400FFE7FFE702992420C1F8CD
:10714000880002980068006800900298016808684A
:1071500020F00100086002980068806820F060401C
:1071600001990843029909688860029802F0EEFDCF
:10717000009802990968086002992020C1F88800E7
:10718000FFE70299002081F88400FFE700208DF8D6
:107190000F00FFE79DF80F0004B080BD81B00090A4
:1071A00001B0704781B0009001B0704780B58EB0DB
:1071B0000D900D980068C0690C900D9800680068EB
:1071C0000B900D98006880680A900C9840F60F01AB
:1071D000084009900998E0B9FFE79DF83000800663
:1071E000002815D5FFE79DF82C008006002806D45E
:1071F000FFE79DF82B00C006002809D5FFE70D9892
:10720000406F20B1FFE70D98416F8847FFE757E2D5
:10721000FFE70998002800F0F980FFE70A980121AC
:10722000C1F20001084209D1FFE70B9840F220119A
:10723000C0F20041084200F0E980FFE79DF830000D
:10724000C00788B1FFE79DF82D00C00760B1FFE7D8
:107250000D980168012008620D99D1F8900040F066
:107260000100C1F89000FFE79DF83000800700287A
:1072700011D5FFE79DF82800C00760B1FFE70D9822
:107280000168022008620D99D1F8900040F00400D6
:10729000C1F89000FFE79DF830004007002811D5A5
:1072A000FFE79DF82800C00760B1FFE70D9801686F
:1072B000042008620D99D1F8900040F00200C1F856
:1072C0009000FFE79DF830000007002819D5FFE780
:1072D0009DF82C008006002807D4FFE70A980121BA
:1072E000C1F2000108420CD0FFE70D9801680820A8
:1072F00008620D99D1F8900040F00800C1F89000A4
:10730000FFE79DF831000007002813D5FFE79DF83F
:107310002F00400700280DD5FFE70D9801684FF4B6
:10732000006008620D99D1F8900040F02000C1F88B
:107330009000FFE70D98D0F89000002865D0FFE797
:107340009DF830008006002815D5FFE79DF82C0039
:107350008006002806D4FFE79DF82B00C006002811
:1073600009D5FFE70D98406F20B1FFE70D98416FF9
:107370008847FFE7FFE70D98D0F8900008900D9838
:107380000068806800F04000402806D0FFE79DF8C4
:10739000200010F0280F2FD0FFE70D9802F074FEA8
:1073A0000D98006880684006002820D5FFE70D98FA
:1073B000D0F88000B0B1FFE70D98D0F880104AF205
:1073C0006900C0F60000C8660D98D0F88000F9F793
:1073D0002FFE30B1FFE70D98D0F88000C16E8847CE
:1073E000FFE703E00D98FFF7DDFEFFE703E00D98F0
:1073F000FFF7D8FEFFE707E00D98FFF7D3FE0D99E2
:107400000020C1F89000FFE7FFE759E10D98C06E3A
:10741000012840F00B81FFE79DF83000C0060028EE
:1074200040F10481FFE79DF82C00C006002840F1E0
:10743000FD80FFE70D980168102008620D98006834
:1074400080684006002840F18F80FFE70D98D0F853
:1074500080000068806CADF81E00BDF81E0000289A
:1074600067D0FFE7BDF81E000D99B1F85C108842A7
:107470005FDAFFE7BDF81E000D99A1F85E000D98D8
:10748000D0F88000006D812846D0FFE7FFE7FFE7D6
:107490000D98006850E8000F20F480700690FFE718
:1074A00006990D98026842E800100028F0D1FFE725
:1074B000FFE7FFE7FFE70D98006850E8020F20F0B4
:1074C00001000590FFE705990D98026842E8021057
:1074D0000028F0D1FFE7FFE70D992020C1F88C00CC
:1074E0000D990020C866FFE7FFE70D98006850E897
:1074F000000F20F010000490FFE704990D98026837
:1075000042E800100028F0D1FFE7FFE70D98D0F81F
:107510008000F9F701FDFFE70D99022008670D983B
:10752000B0F85C10B0F85E20891A89B2FFF7A0FDB0
:1075300019E0BDF81E000D99B1F85C10884211D118
:10754000FFE70D98D0F88000006D812809D1FFE792
:107550000D99022008670D98B0F85C10FFF788FDC0
:10756000FFE7FFE7FFE7ABE00D99B1F85C00B1F88A
:107570005E10401AADF80E000D98B0F85E000028BD
:1075800053D0FFE7BDF80E0000284ED0FFE7FFE71D
:10759000FFE70D98006850E8000F20F4907002900B
:1075A000FFE702990D98026842E800100028F0D128
:1075B000FFE7FFE7FFE7FFE70D98006850E8020FDD
:1075C0004FF6FE71CEF6FF7108400190FFE701997A
:1075D0000D98026842E802100028EDD1FFE7FFE7AE
:1075E0000D992020C1F88C000D990020C8660D99D6
:1075F0004867FFE7FFE70D98006850E8000F20F0AC
:1076000010000090FFE700990D98026842E8001012
:107610000028F0D1FFE7FFE70D99022008670D98D9
:10762000BDF80E10FFF724FDFFE749E09DF830009C
:107630000006002815D5FFE79DF82C00000600285D
:1076400006D4FFE79DF82A000006002809D5FFE7C9
:107650000D98806F20B1FFE70D98816F8847FFE795
:107660002EE09DF83000400600280AD5FFE79DF87F
:107670002C004006002804D5FFE70D9802F054FDC9
:107680001EE09DF83200000600280AD5FFE79DF8AD
:107690002F004006002804D5FFE70D98FFF77EFD78
:1076A0000EE09DF83300C00750B1FFE79DF82F00B2
:1076B0000006002804D5FFE70D98FFF7DFFCFFE781
:1076C0000EB080BD80B582B00090009820B9FFE771
:1076D00001208DF8070046E00098806908B1FFE7B7
:1076E00000E0FFE70098D0F8880040B9FFE7009974
:1076F000002081F88400009800F03AF8FFE7009934
:107700002420C1F8880000980168086820F0010072
:1077100008600098806A20B1FFE7009802F05CFBE7
:10772000FFE7009803F0D2F9012804D1FFE7012018
:107730008DF8070017E000980168486820F4904031
:10774000486000980168886820F02A0088600098E6
:107750000168086840F001000860009802F0E0FB52
:107760008DF80700FFE79DF8070002B080BD00001C
:1077700080B5C4B0439000204290419040903F902B
:107780003E900EA8C021F8F7B0FE4398006845F27D
:107790000001C4F2000188426BD1FFE700200F9086
:1077A00010210E9126900EA8FCF77AF818B1FFE789
:1077B000F8F7A8FFFFE7FFE740F69C40C4F202603D
:1077C000016841F480110160006800F480100D90A0
:1077D0000D98FFE7FFE740F68C40C4F202600168B5
:1077E00041F004010160006800F004000C900C9866
:1077F000FFE7FFE740F68C40C4F20260016841F009
:1078000008010160006800F008000B900B98FFE78A
:107810004FF480503E90022002903F90002005904F
:107820004090419008200390429040F60000C4F23E
:1078300002203EA90491F9F725FC029B03980499C4
:10784000059A4FF0040CCDF8F8C03F934092419256
:10785000429040F60040C4F20220F9F713FC059A6A
:10786000412006900521F9F72BFF0698F9F71EFF36
:1078700095E04398006843F60001C4F20101884294
:1078800046D1FFE700200F9001210E9122900EA813
:10789000FCF706F818B1FFE7F8F734FFFFE7FFE75A
:1078A00040F6A440C4F20260016841F480410160E6
:1078B000006800F480400A900A98FFE7FFE740F66E
:1078C0008C40C4F20260016841F00201016000686E
:1078D00000F0020009900998FFE7C0203E900220C6
:1078E0003F9000200090409041900720429040F24D
:1078F0000040C4F202203EA9F9F7C4FB009A3D20E3
:1079000001900521F9F7DCFE0198F9F7CFFE45E07B
:107910004398006844F20041C4F2000188423CD11F
:10792000FFE700200F9002210E9123900EA8FBF795
:10793000B7FF18B1FFE7F8F7E5FEFFE7FFE740F60E
:107940009C40C4F20260016841F4003101600068AB
:1079500000F4003008900898FFE7FFE740F68C40FD
:10796000C4F20260016841F008010160006800F0A3
:10797000080007900798FFE760203E9002203F90A4
:107980000020409041900720429040F60040C4F211
:1079900002203EA9F9F776FBFFE7FFE7FFE744B0D7
:1079A00080BD000080B586B004900391ADF80A2038
:1079B0000498D0F88C00202853D1FFE7039820B119
:1079C000FFE7BDF80A0020B9FFE701208DF8170096
:1079D0004BE004990020C86604980068806840065F
:1079E000002807D5FFE704980168886820F0400068
:1079F0008860FFE70498006842F20041C4F2006129
:107A0000884225D0FFE70498006842F20041C5F2A1
:107A1000006188421CD0FFE70498006840680002BB
:107A2000002814D5FFE7FFE7FFE70498006850E857
:107A3000000F40F080600190FFE701990498026810
:107A400042E800100028F0D1FFE7FFE7FFE7FFE77B
:107A500004980399BDF80A2003F0E4F98DF81700A3
:107A600003E002208DF81700FFE79DF8170006B02D
:107A700080BD000081B000900098006843F60001CE
:107A8000C4F20101884210D1FFE740F29871C2F2BE
:107A9000000191F80401B1F800218854B1F8000107
:107AA0000130C0B2A1F80001FFE701B0704700004B
:107AB00081B0009001B07047FFE7FEE780B586B067
:107AC00000200290EFF305800390039818B1FFE7C0
:107AD0000120029017E005F029FD0190019801288E
:107AE00010D0FFE7EFF310800490049830B9FFE75F
:107AF000EFF311800590059818B1FFE7012002907F
:107B0000FFE7FFE7FFE7029806B080BD81B0009075
:107B1000009988684FF6C072C5F6FF721040886001
:107B200001B0704781B00090009880684FF6C07136
:107B3000C7F6FF71084001300099886001B07047B6
:107B400081B000900098806840F080504FF6C0717E
:107B5000C7F6FF7108400099886001B070470000C7
:107B600081B0009000988068C0F3C00001B07047F9
:107B700081B0009000988068C0F3407001B07047F9
:107B800081B000900098806800F0010001B070475B
:107B900081B0009000988068C0F3007001B0704719
:107BA00081B0009000988068C0F3800001B07047F9
:107BB00081B00090009880684FF6C071C7F6FF71E1
:107BC000084004300099886001B0704782B001908D
:107BD00000910198006820F4701000990843019901
:107BE000086002B07047000082B0019000910198D7
:107BF000006F43F6FF7188430099084301990867B5
:107C00000198006F20F00041009A01F10040002A25
:107C100008BF08460199086702B0704783B0029018
:107C2000019101980090029841F20001C4F20261B2
:107C3000884206D1FFE70098013800F00C00009060
:107C4000FFE70298C06820F00C00009908430299F1
:107C5000C86003B07047000083B0029001910092A9
:107C600002984069019901F004020721914088437C
:107C70000099914008430299486103B070470000A1
:107C800080B582B040F6A400C2F20000009048F235
:107C90000001C4F20221016000210191416004222F
:107CA0008260C16001618261017780F82410012245
:107CB000826280F82C1080F8401081664164016572
:107CC000C16380F85410F8F729FD18B1FFE7F8F701
:107CD00019FDFFE702B080BD80B582B048F6F5100F
:107CE000C0F600004DF65852C0F600020021019186
:107CF00003F012FC019940F6A002C2F200021060EB
:107D00004CF22950C0F600004DF6A052C0F6000219
:107D100003F002FC019942F27C22C2F200021060E0
:107D20004BF21540C0F600004DF67C52C0F6000242
:107D300003F0F2FB40F61851C2F20001086002B0F5
:107D400080BD000080B594B0002013901290119077
:107D500010900F90FFE740F68C40C4F2026001687B
:107D600041F080010160006800F080000E900E98E4
:107D7000FFE7FFE740F68C40C4F20260016841F083
:107D800004010160006800F004000D900D98FFE709
:107D9000FFE740F68C40C4F20260016841F0010147
:107DA0000160006800F001000C900C98FFE7FFE70D
:107DB00040F68C40C4F20260016841F0100101609D
:107DC000006800F010000B900B98FFE7FFE740F60B
:107DD0008C40C4F20260016841F002010160006859
:107DE00000F002000A900A98FFE7FFE740F68C4097
:107DF000C4F20260016841F008010160006800F00F
:107E0000080009900998FFE740F60000C4F202203C
:107E100001901E21009100220692F9F755FB069A67
:107E20000020C4F2022003903F210291F9F74CFB9D
:107E3000069A41F20000C4F2022007904FF48071CC
:107E40000491F9F741FB009A019806990F920122DB
:107E500005921092119112910FA90891F9F712F958
:107E6000DDF808C00398059B069A0899CDF83CC038
:107E7000109311921292F9F705F9DDF810C0059BE5
:107E8000069A07980899CDF83CC010931192129267
:107E9000F9F7F8F8069A079808994FF4C0630F931A
:107EA00010921192F9F7EEF814B080BD80B5F9F791
:107EB00027FB18B1FFE7F8F725FCFFE780BD0000BE
:107EC00080B59EB0002001901D901C901B901A90D0
:107ED0001990189017901690159014901390129076
:107EE0001190109003A83421F8F7FFFA019940F699
:107EF0007C10C2F20000029044F20002C4F20102BF
:107F0000026040F67F424260816040F2E732C26028
:107F1000016141618161FEF713F818B1FFE7F8F7DD
:107F2000F1FBFFE74FF480501A9040F67C10C2F24C
:107F300000001AA9FEF768FA18B1FFE7F8F7E2FBAC
:107F4000FFE740F67C10C2F20000FEF735FE18B1E4
:107F5000FFE7F8F7D7FBFFE700201790199040F6EE
:107F60007C10C2F2000017A9FDF7F0FE18B1FFE780
:107F7000F8F7C8FBFFE760201090002211921292E0
:107F8000139214921592169240F67C10C2F20000E1
:107F900010A9FEF739FD18B1FFE7F8F7B3FBFFE7CB
:107FA00040F67C10C2F2000010A90422FEF72CFD5E
:107FB00018B1FFE7F8F7A6FBFFE700200390049055
:107FC0000590069007904FF40051089109900F908A
:107FD00040F67C10C2F2000003A9FDF701FE18B1C3
:107FE000FFE7F8F78FFBFFE740F67C10C2F20000D6
:107FF000FEF77EFC1EB080BD80B596B000200090DC
:108000001590149013901290119010900F9002A858
:108010003421F8F76AFA009940F6C810C2F200005D
:10802000019044F20042C4F20102026040F67F4235
:108030004260816040F2E732C2600161416181616A
:10804000FDF77EFF18B1FFE7F8F75CFBFFE740F6AE
:10805000C810C2F20000FEF7AFFD18B1FFE7F8F755
:1080600051FBFFE760200F900022109211921292B4
:1080700013921492159240F6C810C2F200000FA994
:10808000FEF7C2FC18B1FFE7F8F73CFBFFE7002062
:10809000029003900490059006904FF400510791D0
:1080A00008900E9040F6C810C2F2000002A9FDF739
:1080B00097FD18B1FFE7F8F725FBFFE740F6C8107A
:1080C000C2F20000FEF714FC16B080BD80B596B079
:1080D0000020009015901490139012901190109021
:1080E0000F9002A83421F8F700FA009940F6142006
:1080F000C2F20000019044F60002C4F201020260E4
:1081000040F67F424260816040F2E732C260016126
:1081100041618161FDF714FF18B1FFE7F8F7F2FA4A
:10812000FFE740F61420C2F20000FEF745FD18B14B
:10813000FFE7F8F7E7FAFFE760200F9000221092C0
:108140001192129213921492159240F61420C2F2D8
:1081500000000FA9FEF758FC18B1FFE7F8F7D2FAB4
:10816000FFE70020029003900490059006904FF4E2
:108170000051079108900E9040F61420C2F20000C2
:1081800002A9FDF72DFD18B1FFE7F8F7BBFAFFE7ED
:1081900040F61420C2F20000FEF7AAFB16B080BD24
:1081A00080B58AB00021019109910891079106914B
:1081B00005910491039140F63010C2F20000029044
:1081C00042F60042C4F201020260416081604FF653
:1081D000FF72C260016141618161FDF7B1FE18B1BA
:1081E000FFE7F8F78FFAFFE74FF48050069040F66C
:1081F0003010C2F2000006A9FEF706F918B1FFE739
:10820000F8F780FAFFE7002003900490059040F60D
:108210003010C2F2000003A9FDF798FD18B1FFE786
:10822000F8F770FAFFE70AB080BD000080B584B0AF
:10823000002103910291019140F66020C2F20000FA
:1082400041F20002C4F200020260416081604FF618
:10825000FF72C2608161FDF773FE18B1FFE7F8F7A6
:1082600051FAFFE700200190039040F66020C2F22F
:10827000000001A9FDF76AFD18B1FFE7F8F742FA1F
:10828000FFE704B080BD000080B58AB000210191F5
:10829000099108910791069105910491039140F687
:1082A000F820C2F20000029043F20042C4F2010240
:1082B00002609F22426081602322C26001614161AD
:1082C0008161FDF73DFE18B1FFE7F8F71BFAFFE704
:1082D0004FF48050069040F6F820C2F2000006A944
:1082E000FEF792F818B1FFE7F8F70CFAFFE7002065
:1082F00003900490059040F6F820C2F2000003A914
:10830000FDF724FD18B1FFE7F8F7FCF9FFE70AB025
:1083100080BD000080B582B040F66C40C2F2000023
:10832000009045F20001C4F2000101604FF4E13118
:108330004160002101918160C16001610C224261B4
:108340008161C161016241628162FFF7BBF918B1CD
:10835000FFE7F8F7D7F9FFE740F66C40C2F20000FC
:108360000021FEF7D5FE18B1FFE7F8F7CBF9FFE7DC
:1083700040F66C40C2F200000021FEF783FE18B107
:10838000FFE7F8F7BFF9FFE740F66C40C2F20000E4
:10839000FEF730FE18B1FFE7F8F7B4F9FFE702B0D7
:1083A00080BD000080B582B040F64430C2F20000CB
:1083B000009043F60001C4F2010101604FF4E13185
:1083C0004160002101918160C16001610C22426124
:1083D0008161C161016241628162FFF773F918B185
:1083E000FFE7F8F78FF9FFE740F64430C2F20000EC
:1083F0000021FEF78DFE18B1FFE7F8F783F9FFE7DC
:1084000040F64430C2F200000021FEF73BFE18B1F6
:10841000FFE7F8F777F9FFE740F64430C2F20000D3
:10842000FEF7E8FD18B1FFE7F8F76CF9FFE702B0D7
:1084300080BD000080B582B040F6D830C2F20000A6
:10844000009044F20041C4F2000101604FF4E131B8
:108450004160002101918160C16001610C22426193
:108460008161C161016241628162FFF72BF918B13C
:10847000FFE7F8F747F9FFE740F6D830C2F200000F
:108480000021FEF745FE18B1FFE7F8F73BF9FFE7DB
:1084900040F6D830C2F200000021FEF7F3FD18B11B
:1084A000FFE7F8F72FF9FFE740F6D830C2F20000F7
:1084B000FEF7A0FD18B1FFE7F8F724F9FFE702B0D7
:1084C00080BD0000FFE7FEE7FFE7FEE788B007900A
:1084D00006910592079800F0070004900498C0F1F7
:1084E0000700052803D3FFE70420019004E0049867
:1084F000C0F107000190FFE7019803900498043051
:10850000062803D8FFE70020009003E00498033812
:108510000090FFE70098029006980399012202FA62
:1085200001F101390840029B984005999A40013AAF
:108530001140084308B07047000000000000000030
:10854000EFF30980EFF30B82734620E9FC0F104A2A
:10855000116808604FF0500080F31188BFF34F8F0F
:10856000BFF36F8F04F060FC4FF0000080F31188C0
:10857000074A11680868B0E8FC0F82F30B8880F3A3
:108580000988184700BF00BF00BF00BF00BF00BF81
:10859000041E002010B584B0029040F60041C4F2E1
:1085A0000261086820F080600860F8F7A3FF01907E
:1085B000FFE740F60040C4F20260006800F000618E
:1085C0000020B0EBD16F0CD0FFE7F8F793FF0199D3
:1085D000401A032804D3FFE703208DF80F008FE033
:1085E000E7E7FFE740F62C41C4F20261086840F675
:1085F00003729043029B1A68D3F804C06FF0FF0324
:1086000003EB0C231A431043086040F63C41C4F2CC
:10861000026108680022C8F280021040029B9A683A
:10862000DC68D3F810E0D3F814C0013A6FF35F228E
:108630004FF60063CFF6FF7303EB44239BB21A445B
:108640000023CFF6FF7303EB0E4303F4FE031A443B
:108650004FF07F4303EB0C6303F0FE431A441044D6
:108660000860FFE740F62C41C4F2026100910868FF
:1086700020F00C00029A9269104308600298026A86
:10868000086810430860086820F01000086040F691
:108690004042C4F2026210684FF6F8739843029B9E
:1086A000DB6940EAC3001060086840F01000086011
:1086B00040F60041C4F20261086840F08060086042
:1086C000F8F718FF0190FFE740F60040C4F202609F
:1086D000006800F000610020B0EBD16F0CD1FFE723
:1086E000F8F708FF0199401A032804D3FFE7032095
:1086F0008DF80F0004E0E7E700208DF80F00FFE79A
:108700009DF80F0004B010BD10B584B0029040F683
:108710000041C4F20261086820F080500860F8F758
:10872000E9FE0190FFE740F60040C4F202600068F5
:1087300000F000510020B0EB517F0CD0FFE7F8F7BC
:10874000D9FE0199401A032804D3FFE703208DF8CE
:108750000F008FE0E7E7FFE740F63041C4F2026127
:10876000086840F603729043029B1A68D3F804C06D
:108770006FF0FF0303EB0C231A431043086040F62D
:108780004441C4F2026108680022C8F2800210402D
:10879000029B9A68DC68D3F810E0D3F814C0013A61
:1087A0006FF35F224FF60063CFF6FF7303EB4423B2
:1087B0009BB21A440023CFF6FF7303EB0E4303F47E
:1087C000FE031A444FF07F4303EB0C6303F0FE43B8
:1087D0001A4410440860FFE740F63041C4F20261D9
:1087E0000091086820F00C00029A9269104308601A
:1087F0000298026A086810430860086820F01000B8
:10880000086040F64842C4F2026210684FF6F873FE
:108810009843029BDB6940EAC3001060086840F09F
:108820001000086040F60041C4F20261086840F0A0
:1088300080500860F8F75EFE0190FFE740F60040C8
:10884000C4F20260006800F000510020B0EB517FDC
:108850000CD1FFE7F8F74EFE0199401A032804D324
:10886000FFE703208DF80F0004E0E7E700208DF814
:108870000F00FFE79DF80F0004B010BD80B586B073
:10888000049040F69440C4F202600068400700285B
:1088900004D5FFE7F8F7EEFF03901AE0FFE740F694
:1088A0009440C4F20260016841F004010160006874
:1088B00000F0040001900198FFE7F8F7DBFF039058
:1088C00040F69441C4F20261086820F00400086098
:1088D000FFE70398B0F5403F05D0FFE70398B0F5F8
:1088E000003F0DD1FFE704990020B0EB117F03D1C9
:1088F000FFE70120029002E000200290FFE741E044
:1089000004990020B0EB117F0DD1FFE70398B0F57B
:10891000803F03D1FFE70320029003E001208DF8A0
:10892000170048E02DE00498B0F1005F13D9FFE78D
:10893000039860B9FFE70498B0F1405F03D9FFE7FF
:108940000020029002E001200290FFE702E00020F8
:108950000290FFE714E00498B0F1805F0CD1FFE7CC
:108960000398B0F5803F03D1FFE70120029002E0B9
:1089700002200290FFE702E001200290FFE7FFE7FC
:10898000FFE7FFE742F20000C4F20200016821F0B5
:108990000F01029A11430160006800F00F00029974
:1089A000884204D0FFE701208DF8170003E0002083
:1089B0008DF81700FFE79DF8170006B080BD000096
:1089C0001EF0040F0CBFEFF30880EFF30980044999
:1089D000084700BF00BF00BF00BF00BF00BF00BF0F
:1089E00015CA000880B56FF00400002102F02AFCCF
:1089F00080BD000080B582B00190FFE740F200002A
:108A0000C2F20000006840F6C811C2F20001096815
:108A1000486340F6A400C2F20000F7F777FE40F288
:108A20009071C2F20001088040F29470C2F200001E
:108A3000016801310160006847F6D501C2F2E961C1
:108A400000FB01F04FEAF00048F63711C0F2410197
:108A5000884210D8FFE740F60000C4F2022010213F
:108A6000F8F71EFD41F20000C4F202204FF48071BD
:108A7000F8F716FDFFE7012002F0DEFCBEE700007C
:108A800080B54EF21000CEF20000006804F04EFDFA
:108A9000012803D0FFE704F0A7FAFFE780BD00003C
:108AA00080B59EB006A86021F7F71FFD0020059055
:108AB000049003900290019000904FF44030F8F73A
:108AC0001FFE18B1FFE7F7F71DFEFFE70320069032
:108AD0004FF4803107914FF48071099110210A9170
:108AE0000222149215900020179001211691142350
:108AF000189319921A921B910C211C911D9006A893
:108B0000FBF7A4FF18B1FFE7F7F7FCFDFFE71F2015
:108B100000900320019000200290039004900590A3
:108B200068460421FBF74EFB18B1FFE7F7F7EAFDB3
:108B3000FFE71EB080BD00004EF68851CEF2000166
:108B4000086840F47000086040F60042C4F2026217
:108B50000120106040F61C41C4F202610020086050
:108B600040F62041C4F20261086040F62441C4F29C
:108B70000261086011684FF6FF73CEF6F6231940C4
:108B8000116040F62841C4F202610860116821F4C6
:108B90008021116040F65041C4F2026108604EF637
:108BA0000851CEF200014FF00060086070470000ED
:108BB00080B540F6AC20C2F20000FDF719FD80BD83
:108BC00080B58CB040F60050C2F2000001684068E9
:108BD000884223D2FFE70020C4F202200A9002213B
:108BE00001220992F8F770FC09990A980022F8F717
:108BF0006BFC0A9804210B91F8F752FC0A980B9928
:108C0000F8F736FC012808D1FFE740F60051C2F220
:108C10000001486801304860FFE72DE040F6005051
:108C2000C2F2000001684068884223D9FFE70020B3
:108C3000C4F202200790022101220692F8F744FCB8
:108C4000069A07981146F8F73FFC07980421089107
:108C5000F8F726FC07980899F8F70AFC012808D1CC
:108C6000FFE740F60051C2F2000148680138486051
:108C7000FFE700E0FFE7FFE740F60C50C2F200001C
:108C800001684068884222D2FFE70020C4F2022037
:108C9000049010210122F8F717FC04980821002203
:108CA000F8F712FC049820210591F8F7F9FB0498D5
:108CB0000599F8F7DDFB012808D1FFE740F60C51D4
:108CC000C2F20001486801304860FFE72DE040F63D
:108CD0000C50C2F2000001684068884223D9FFE7C7
:108CE0000020C4F202200290102101220192F8F724
:108CF000EBFB019A02980821F8F7E6FB0298202185
:108D00000391F8F7CDFB02980399F8F7B1FB01281E
:108D100008D1FFE740F60C51C2F200014868013863
:108D20004860FFE700E0FFE7FFE740F6F820C2F207
:108D30000000FDF75DFC0CB080BD000083B0029028
:108D40000191029800680090029842F60041C4F236
:108D50000101884252D0FFE7029842F60041C5F275
:108D6000010188424AD0FFE70298B0F1804F45D018
:108D7000FFE70298B0F1A04F40D0FFE7029840F221
:108D80000041C4F20001884238D0FFE7029840F267
:108D90000041C5F20001884230D0FFE7029840F65A
:108DA0000001C4F20001884228D0FFE7029840F693
:108DB0000001C5F20001884220D0FFE7029840F68A
:108DC0000041C4F20001884218D0FFE7029840F643
:108DD0000041C5F20001884210D0FFE7029843F23B
:108DE0000041C4F20101884208D0FFE7029843F233
:108DF0000041C5F2010188420AD1FFE7009820F046
:108E00007000009001984168009808430090FFE7C7
:108E1000029842F60041C4F20101884200F08380CA
:108E2000FFE7029842F60041C5F2010188427AD07C
:108E3000FFE70298B0F1804F75D0FFE70298B0F1DC
:108E4000A04F70D0FFE7029840F20041C4F2000149
:108E5000884268D0FFE7029840F20041C5F2000165
:108E6000884260D0FFE7029840F60001C4F200019A
:108E7000884258D0FFE7029840F60001C5F2000191
:108E8000884250D0FFE7029840F60041C4F200014A
:108E9000884248D0FFE7029840F60041C5F2000141
:108EA000884240D0FFE7029843F20041C4F201013A
:108EB000884238D0FFE7029843F20041C5F2010131
:108EC000884230D0FFE7029844F20001C4F2010169
:108ED000884228D0FFE7029844F20001C5F2010160
:108EE000884220D0FFE7029844F20041C4F2010119
:108EF000884218D0FFE7029844F20041C5F2010110
:108F0000884210D0FFE7029844F60001C4F2010144
:108F1000884208D0FFE7029844F60001C5F201013B
:108F200088420AD1FFE7009820F440700090019831
:108F3000C168009808430090FFE7009820F0800087
:108F40000199496908430090019880680299C862B4
:108F50000198006802998862029842F60041C4F2C2
:108F60000101884248D0FFE7029842F60041C5F26D
:108F70000101884240D0FFE7029843F20041C4F269
:108F80000101884238D0FFE7029843F20041C5F260
:108F90000101884230D0FFE7029844F20001C4F298
:108FA0000101884228D0FFE7029844F20001C5F28F
:108FB0000101884220D0FFE7029844F20041C4F248
:108FC0000101884218D0FFE7029844F20041C5F23F
:108FD0000101884210D0FFE7029844F60001C4F274
:108FE0000101884208D0FFE7029844F60001C5F26B
:108FF0000101884205D1FFE70198006902990863E1
:10900000FFE70299086840F0040008600299012017
:10901000486100980299086003B0704784B00390DB
:1090200002910192029800F01F01012088400090F7
:10903000009A0399086A904308620198029901F026
:109040001F0100FA01F20399086A1043086204B094
:109050007047000085B00490039102920193049838
:1090600080680090009820F47F4000900398029957
:10907000019A41EA022101430098084300900098B8
:109080000499886005B0704783B0029001910298FE
:109090008068009000984FF68F71CFF6CF7108402E
:1090A000009001980099084340F007000090009854
:1090B0000299886003B0704785B0049003910498CA
:1090C000006A01900499086A20F00100086204987F
:1090D0004068009004988069029002984FF68F7162
:1090E000CFF6FE7108400290029820F00300029033
:1090F00003980168029808430290019820F002004A
:10910000019003988168019808430190049842F601
:109110000041C4F20101884248D0FFE7049842F6BA
:109120000041C5F20101884240D0FFE7049843F2B4
:109130000041C4F20101884238D0FFE7049843F2AD
:109140000041C5F20101884230D0FFE7049844F2A3
:109150000001C4F20101884228D0FFE7049844F2DC
:109160000001C5F20101884220D0FFE7049844F2D3
:109170000041C4F20101884218D0FFE7049844F28C
:109180000041C5F20101884210D0FFE7049844F67F
:109190000001C4F20101884208D0FFE7049844F6B8
:1091A0000001C5F2010188420FD1FFE70499086A66
:1091B00020F004000862019820F008000190039854
:1091C000C168019808430190FFE7049842F6004106
:1091D000C4F20101884248D0FFE7049842F60041FA
:1091E000C5F20101884240D0FFE7049843F20041F4
:1091F000C4F20101884238D0FFE7049843F20041ED
:10920000C5F20101884230D0FFE7049844F2000122
:10921000C4F20101884228D0FFE7049844F200011B
:10922000C5F20101884220D0FFE7049844F20041D2
:10923000C4F20101884218D0FFE7049844F20041CB
:10924000C5F20101884210D0FFE7049844F60001FE
:10925000C4F20101884208D0FFE7049844F60001F7
:10926000C5F20101884213D1FFE7009820F4807015
:109270000090009820F400700090039841690098D5
:109280000843009003988169009808430090FFE725
:10929000009804994860029804998861039840688E
:1092A0000499486301980499086205B0704700006A
:1092B00085B0049003910498006A01900499086AAB
:1092C00020F01000086204984068009004988069BB
:1092D0000290029848F6FF71CFF6FF6108400290B5
:1092E000029820F44070029003980168029840EAC6
:1092F00001200290019820F02000019003988168DD
:10930000019840EA01100190049842F60041C4F22D
:109310000101884251D0FFE7049842F60041C5F2AE
:109320000101884249D0FFE7049843F20041C4F2AA
:109330000101884241D0FFE7049843F20041C5F2A1
:109340000101884239D0FFE7049844F20001C4F2D9
:109350000101884208D0FFE7049844F20001C5F2F9
:109360000101884203D1FFE7002030BBFFE70498EA
:1093700044F20041C4F20101884208D0FFE704989A
:1093800044F20041C5F20101884203D1FFE7002009
:1093900098B9FFE7049844F60001C4F2010188423D
:1093A00008D0FFE7049844F60001C5F201018842A5
:1093B00013D1FFE7012080B9FFE70499086A20F084
:1093C00040000862019820F0800001900398C16875
:1093D000019840EA01100190FFE7049842F600412D
:1093E000C4F20101884248D0FFE7049842F60041E8
:1093F000C5F20101884240D0FFE7049843F20041E2
:10940000C4F20101884238D0FFE7049843F20041DA
:10941000C5F20101884230D0FFE7049844F2000110
:10942000C4F20101884228D0FFE7049844F2000109
:10943000C5F20101884220D0FFE7049844F20041C0
:10944000C4F20101884218D0FFE7049844F20041B9
:10945000C5F20101884210D0FFE7049844F60001EC
:10946000C4F20101884208D0FFE7049844F60001E5
:10947000C5F20101884215D1FFE7009820F4806011
:109480000090009820F400600090039841690098D3
:1094900040EA8100009003988169009840EA8100C9
:1094A0000090FFE700980499486002980499886149
:1094B000039840680499886301980499086205B08C
:1094C0007047000085B0049003910498006A0190F1
:1094D0000499086A20F4807008620498406800903B
:1094E0000498C069029002984FF68F71CFF6FE7112
:1094F00008400290029820F003000290039801684F
:10950000029808430290019820F40070019003989B
:109510008168019840EA01200190049842F60041D8
:10952000C4F20101884251D0FFE7049842F600419D
:10953000C5F20101884249D0FFE7049843F2004197
:10954000C4F20101884241D0FFE7049843F2004190
:10955000C5F20101884239D0FFE7049844F20001C6
:10956000C4F20101884208D0FFE7049844F20001E8
:10957000C5F20101884203D1FFE7002030BBFFE7BD
:10958000049844F20041C4F20101884208D0FFE788
:10959000049844F20041C5F20101884203D1FFE77B
:1095A000002098B9FFE7049844F60001C4F20101D5
:1095B000884208D0FFE7049844F60001C5F2010193
:1095C000884213D1FFE7012080B9FFE70499086AB8
:1095D00020F480600862019820F4006001900398F4
:1095E000C168019840EA01200190FFE7049842F623
:1095F0000041C4F20101884248D0FFE7049842F6D6
:109600000041C5F20101884240D0FFE7049843F2CF
:109610000041C4F20101884238D0FFE7049843F2C8
:109620000041C5F20101884230D0FFE7049844F2BE
:109630000001C4F20101884228D0FFE7049844F2F7
:109640000001C5F20101884220D0FFE7049844F2EE
:109650000041C4F20101884218D0FFE7049844F2A7
:109660000041C5F20101884210D0FFE7049844F69A
:109670000001C4F20101884208D0FFE7049844F6D3
:109680000001C5F20101884215D1FFE7009820F4DE
:1096900080500090009820F4005000900398416999
:1096A000009840EA0110009003988169009840EA10
:1096B00001100090FFE7009804994860029804990F
:1096C000C861039840680499C863019804990862C6
:1096D00005B0704785B0049003910498006A01902A
:1096E0000499086A20F48050086204984068009049
:1096F0000498C0690290029848F6FF71CFF6FF61A6
:1097000008400290029820F440700290039801688B
:10971000029840EA01200290019820F40050019044
:1097200003988168019840EA01300190049842F65C
:109730000041C4F20101884251D0FFE7049842F68B
:109740000041C5F20101884249D0FFE7049843F285
:109750000041C4F20101884241D0FFE7049843F27E
:109760000041C5F20101884239D0FFE7049844F274
:109770000001C4F20101884208D0FFE7049844F2D6
:109780000001C5F20101884203D1FFE7002030BB90
:10979000FFE7049844F20041C4F20101884208D076
:1097A000FFE7049844F20041C5F20101884203D169
:1097B000FFE7002098B9FFE7049844F60001C4F2DF
:1097C0000101884208D0FFE7049844F60001C5F281
:1097D0000101884213D1FFE7012080B9FFE7049916
:1097E000086A20F480400862019820F4004001904B
:1097F0000398C168019840EA01300190FFE704989E
:1098000042F60041C4F20101884248D0FFE70498C3
:1098100042F60041C5F20101884240D0FFE70498BA
:1098200043F20041C4F20101884238D0FFE70498B6
:1098300043F20041C5F20101884230D0FFE70498AD
:1098400044F20001C4F20101884228D0FFE70498E5
:1098500044F20001C5F20101884220D0FFE70498DC
:1098600044F20041C4F20101884218D0FFE7049895
:1098700044F20041C5F20101884210D0FFE704988C
:1098800044F60001C4F20101884208D0FFE70498C1
:1098900044F60001C5F20101884215D1FFE70098A6
:1098A00020F480400090009820F40040009003983D
:1098B0004169009840EA81100090039881690098FE
:1098C00040EA81100090FFE70098049948600298F0
:1098D0000499C86103984068049908640198049940
:1098E000086205B07047000085B0049003910498A9
:1098F000006A01900499086A20F480300862049894
:10990000406800900498006D029002984FF68F71A5
:10991000CFF6FE7108400290039801680298084350
:109920000290019820F4003001900398816801981A
:1099300040EA01400190049842F60041C4F201015E
:10994000884248D0FFE7049842F60041C5F2010181
:10995000884240D0FFE7049843F20041C4F201017D
:10996000884238D0FFE7049843F20041C5F2010174
:10997000884230D0FFE7049844F20001C4F20101AC
:10998000884228D0FFE7049844F20001C5F20101A3
:10999000884220D0FFE7049844F20041C4F201015C
:1099A000884218D0FFE7049844F20041C5F2010153
:1099B000884210D0FFE7049844F60001C4F2010188
:1099C000884208D0FFE7049844F60001C5F201017F
:1099D00088420BD1FFE7009820F480300090039874
:1099E0004169009840EA01200090FFE7009804993F
:1099F000486002980499086503984068049988644F
:109A000001980499086205B07047000085B0049081
:109A100003910498006A01900499086A20F4801068
:109A200008620498406800900498006D02900298C3
:109A300048F6FF71CFF6FF61084002900398016875
:109A4000029840EA01200290019820F40010019051
:109A500003988168019840EA01500190049842F609
:109A60000041C4F20101884248D0FFE7049842F661
:109A70000041C5F20101884240D0FFE7049843F25B
:109A80000041C4F20101884238D0FFE7049843F254
:109A90000041C5F20101884230D0FFE7049844F24A
:109AA0000001C4F20101884228D0FFE7049844F283
:109AB0000001C5F20101884220D0FFE7049844F27A
:109AC0000041C4F20101884218D0FFE7049844F233
:109AD0000041C5F20101884210D0FFE7049844F626
:109AE0000001C4F20101884208D0FFE7049844F65F
:109AF0000001C5F2010188420BD1FFE7009820F474
:109B00008020009003984169009840EA81200090ED
:109B1000FFE7009804994860029804990865039843
:109B200040680499C86401980499086205B07047B8
:109B300085B00490039102920498006A0090049901
:109B4000086A20F001000862049842F60041C4F25D
:109B50000101884248D0FFE7049842F60041C5F26F
:109B60000101884240D0FFE7049843F20041C4F26B
:109B70000101884238D0FFE7049843F20041C5F262
:109B80000101884230D0FFE7049844F20001C4F29A
:109B90000101884228D0FFE7049844F20001C5F291
:109BA0000101884220D0FFE7049844F20041C4F24A
:109BB0000101884218D0FFE7049844F20041C5F241
:109BC0000101884210D0FFE7049844F60001C4F276
:109BD0000101884208D0FFE7049844F60001C5F26D
:109BE0000101884206D1FFE70499086A20F00400C9
:109BF0000862FFE7049880690190019820F0F00066
:109C000001900299019840EA01100190009820F01B
:109C10000A00009003990098084300900198049965
:109C2000886100980499086205B0704785B0049077
:109C3000039102920498006A00900499086A20F047
:109C400010000862049842F60041C4F20101884203
:109C500051D0FFE7049842F60041C5F20101884265
:109C600049D0FFE7049843F20041C4F20101884261
:109C700041D0FFE7049843F20041C5F20101884258
:109C800039D0FFE7049844F20001C4F20101884290
:109C900008D0FFE7049844F20001C5F201018842B0
:109CA00003D1FFE7002030BBFFE7049844F20041F6
:109CB000C4F20101884208D0FFE7049844F2004151
:109CC000C5F20101884203D1FFE7002098B9FFE700
:109CD000049844F60001C4F20101884208D0FFE76D
:109CE000049844F60001C5F20101884209D1FFE75A
:109CF000012030B9FFE70499086A20F040000862AB
:109D0000FFE7049880690190019820F47040019069
:109D10000299019840EA01300190009820F0A000DB
:109D200000900399009840EA01100090019804996E
:109D3000886100980499086205B0704780B540F6C4
:109D40006C40C2F20000FDF731FA80BD82B0019094
:109D50000198406E40B9FFE701990120A1F86A001F
:109D60000199A1F8680034E008208DF803008DF80F
:109D70000200019800688068C0F342608DF801001D
:109D8000019800688068400F8DF800009DF802007F
:109D90009DF800204DF63853C0F60003995C00FB97
:109DA00001F04DF63051C0F600018A5CB0FBF2F0D4
:109DB000019AA2F86A009DF803009DF801209B5CBF
:109DC00000FB03F0895CB0FBF1F00199A1F8680099
:109DD000FFE702B07047000081B00090009890F853
:109DE0002800000700280BD5FFE7009800684068AE
:109DF00020F40040009A1168926B10434860FFE71E
:109E0000009890F82800C00758B1FFE70098006854
:109E1000406820F40030009A1168D26A104348600C
:109E2000FFE7009890F82800800700280BD5FFE78F
:109E300000980068406820F48030009A1168126B26
:109E400010434860FFE7009890F82800400700287A
:109E50000BD5FFE700980068406820F48020009A46
:109E60001168526B10434860FFE7009890F8280093
:109E7000C00600280BD5FFE700980068806820F432
:109E80008050009A1168D26B10438860FFE70098F9
:109E900090F82800800600280BD5FFE7009800689E
:109EA000806820F40050009A1168126C104388609A
:109EB000FFE7009890F82800400600281CD5FFE72F
:109EC00000980068406820F48010009A1168526C75
:109ED000104348600098406CB0F5801F0BD1FFE73D
:109EE00000980068406820F4C000009A1168926CE5
:109EF00010434860FFE7FFE7009890F8280000064D
:109F000000280BD5FFE700980068406820F4002087
:109F1000009A1168D26C10434860FFE701B07047A7
:109F200080B588B0069006990020C1F89000F7F738
:109F3000E1FA0590069800680068000700282FD510
:109F4000FFE70698059B6A466FF07E4111604FF46B
:109F50000011002201F078F808B3FFE7FFE7FFE700
:109F60000698006850E8000F20F080000490FFE79A
:109F700004990698026842E800100028F0D1FFE733
:109F8000FFE706992020C1F88800FFE70699002026
:109F900081F88400FFE703208DF81F005FE0FFE7F2
:109FA0000698006800684007002842D5FFE7069839
:109FB000059B6A466FF07E4111604FF480010022DC
:109FC00001F042F8A0B3FFE7FFE7FFE7069800685B
:109FD00050E8000F20F490700390FFE70399069873
:109FE000026842E800100028F0D1FFE7FFE7FFE732
:109FF000FFE70698006850E8020F20F00100029089
:10A00000FFE702990698026842E802100028F0D1A2
:10A01000FFE7FFE706992020C1F88C00FFE70699CB
:10A02000002081F88400FFE703208DF81F0016E070
:10A03000FFE706992020C1F888000699C1F88C0036
:10A0400006990020C86606990867FFE70699002070
:10A0500081F88400FFE700208DF81F00FFE79DF8DE
:10A060001F0008B080BD000080B582B0019001984B
:10A07000C06D009000990020A1F85E000098FDF7E7
:10A0800091F802B080BD000084B00390FFE7FFE7C5
:10A090000398006850E8000F20F490700290FFE7EA
:10A0A00002990398026842E800100028F0D1FFE707
:10A0B000FFE7FFE7FFE70398006850E8020F4FF65D
:10A0C000FE71CEF6FF7108400190FFE701990398F9
:10A0D000026842E802100028EDD1FFE7FFE703988D
:10A0E000C06E012814D1FFE7FFE7FFE7039800687F
:10A0F00050E8000F20F010000090FFE7009903984F
:10A10000026842E800100028F0D1FFE7FFE7FFE710
:10A1100003992020C1F88C0003990020C866039998
:10A12000486704B07047000080B582B00190FFE737
:10A13000FFE70198006850E8000F20F04000009011
:10A14000FFE700990198026842E800100028F0D16A
:10A15000FFE7FFE701992020C1F88800019900205E
:10A1600088670198FDF7A4FC02B080BD80B588B077
:10A1700007900798B0F86000ADF816000798D0F87F
:10A180008C00222840F0B480FFE707980068406AFE
:10A19000ADF814000798806D0690BDF81400BDF866
:10A1A00016100840069908800799886D0230886566
:10A1B0000799B1F85E000138A1F85E000798B0F881
:10A1C0005E00002840F09380FFE7FFE7FFE7079875
:10A1D000006850E8000F20F490700490FFE70499A5
:10A1E0000798026842E800100028F0D1FFE7FFE777
:10A1F000FFE7FFE70798006850E8020F20F0010032
:10A200000390FFE703990798026842E802100028CC
:10A21000F0D1FFE7FFE707992020C1F88C000799EC
:10A2200000204867079908670798006842F20041D4
:10A23000C4F20061884225D0FFE70798006842F227
:10A240000041C5F2006188421CD0FFE70798006812
:10A2500040680002002814D5FFE7FFE7FFE70798F2
:10A26000006850E8000F20F080600290FFE702993C
:10A270000798026842E800100028F0D1FFE7FFE7E6
:10A28000FFE7FFE70798C06E01282BD1FFE707998A
:10A290000020C866FFE7FFE70798006850E8000F56
:10A2A00020F010000190FFE701990798026842E84A
:10A2B00000100028F0D1FFE7FFE707980068C069A9
:10A2C00000F010010120B0EB111F05D1FFE7079846
:10A2D000016810200862FFE70798B0F85C10FCF7EF
:10A2E000C7FE03E00798FDF7C5FBFFE7FFE706E0C1
:10A2F00007980168886940F008008861FFE708B0A6
:10A3000080BD000080B58EB00D900D98B0F8600053
:10A31000ADF82E000D980068C06909900D9800688E
:10A32000006808900D980068806807900D98D0F834
:10A330008C00222840F06A81FFE70D98B0F8680091
:10A34000ADF82A00FFE7BDF82A100020009031B1D7
:10A35000FFE79DF82400C0F340100090FFE700984D
:10A36000C007002800F01381FFE70D980068406ADD
:10A37000ADF82C000D98806D0C90BDF82C00BDF848
:10A380002E1008400C9908800D99886D0230886560
:10A390000D99B1F85E000138A1F85E000D980068D3
:10A3A000C06909909DF824004007002852D0FFE7BB
:10A3B0009DF82400C00788B1FFE79DF82100C00781
:10A3C00060B1FFE70D980168012008620D99D1F88E
:10A3D000900040F00100C1F89000FFE79DF82400D4
:10A3E0008007002811D5FFE79DF81C00C00760B169
:10A3F000FFE70D980168022008620D99D1F89000DE
:10A4000040F00400C1F89000FFE79DF824004007E9
:10A41000002811D5FFE79DF81C00C00760B1FFE7D9
:10A420000D980168042008620D99D1F8900040F061
:10A430000200C1F89000FFE70D98D0F8900040B1FD
:10A44000FFE70D98FCF7AEFE0D990020C1F89000D3
:10A45000FFE7FFE70D98B0F85E00002840F0968017
:10A46000FFE7FFE7FFE70D98006850E8000F20F4D2
:10A4700080700690FFE706990D98026842E8001088
:10A480000028F0D1FFE7FFE7FFE7FFE70D9800683E
:10A4900050E8020F4FF6FE71CEF6FF7108400590AE
:10A4A000FFE705990D98026842E802100028EDD1F7
:10A4B000FFE7FFE70D992020C1F88C000D990020DF
:10A4C00048670D9908670D98006842F20041C4F290
:10A4D0000061884225D0FFE70D98006842F20041F4
:10A4E000C5F2006188421CD0FFE70D980068406803
:10A4F0000002002814D5FFE7FFE7FFE70D9800688A
:10A5000050E8000F20F080600490FFE704990D9858
:10A51000026842E800100028F0D1FFE7FFE7FFE7FC
:10A52000FFE70D98C06E01282BD1FFE70D990020A1
:10A53000C866FFE7FFE70D98006850E8000F20F0BD
:10A5400010000390FFE703990D98026842E800109D
:10A550000028F0D1FFE7FFE70D980068C06900F020
:10A5600010010120B0EB111F05D1FFE70D98016824
:10A5700010200862FFE70D98B0F85C10FCF778FD3A
:10A5800003E00D98FDF776FAFFE700E0DBE60D98B3
:10A59000B0F85E00ADF82800BDF82800A8B3FFE7CA
:10A5A000BDF828000D99B1F8681088422DDAFFE750
:10A5B000FFE7FFE70D98006850E8020F20F0805099
:10A5C0000290FFE702990D98026842E80210002805
:10A5D000F0D1FFE7FFE70D994AF26D10C0F60000D9
:10A5E0004867FFE7FFE70D98006850E8000F40F06C
:10A5F00020000190FFE701990D98026842E80010E1
:10A600000028F0D1FFE7FFE7FFE706E00D980168BB
:10A61000886940F008008861FFE70EB080BD000047
:10A6200080B586B005900598B0F86000ADF81200CE
:10A630000598D0F88C00222840F0B280FFE70598FA
:10A640000068406AADF81000BDF810009DF81210C7
:10A6500008400599896D08700599886D01308865F5
:10A660000599B1F85E000138A1F85E000598B0F8D0
:10A670005E00002840F09380FFE7FFE7FFE70598C2
:10A68000006850E8000F20F490700390FFE70399F2
:10A690000598026842E800100028F0D1FFE7FFE7C4
:10A6A000FFE7FFE70598006850E8020F20F001007F
:10A6B0000290FFE702990598026842E8021000281C
:10A6C000F0D1FFE7FFE705992020C1F88C0005993C
:10A6D00000204867059908670598006842F2004124
:10A6E000C4F20061884225D0FFE70598006842F275
:10A6F0000041C5F2006188421CD0FFE70598006860
:10A7000040680002002814D5FFE7FFE7FFE705983F
:10A71000006850E8000F20F080600190FFE7019989
:10A720000598026842E800100028F0D1FFE7FFE733
:10A73000FFE7FFE70598C06E01282BD1FFE70599D9
:10A740000020C866FFE7FFE70598006850E8000FA3
:10A7500020F010000090FFE700990598026842E899
:10A7600000100028F0D1FFE7FFE705980068C069F6
:10A7700000F010010120B0EB111F05D1FFE7059893
:10A78000016810200862FFE70598B0F85C10FCF73C
:10A790006FFC03E00598FDF76DF9FFE7FFE706E0C2
:10A7A00005980168886940F008008861FFE706B0F5
:10A7B00080BD000080B58EB00D900D98B0F860009F
:10A7C000ADF832000D980068C0690A900D980068D5
:10A7D000006809900D980068806808900D98D0F87E
:10A7E0008C00222840F06881FFE70D98B0F86800DF
:10A7F000ADF82E00FFE7BDF82E100020019031B11A
:10A80000FFE79DF82800C0F340100190FFE7019892
:10A81000C007002800F01181FFE70D980068406A2A
:10A82000ADF83000BDF830009DF8321008400D99A9
:10A83000896D08700D99886D013088650D99B1F8A2
:10A840005E000138A1F85E000D980068C0690A90AA
:10A850009DF828004007002852D0FFE79DF8280007
:10A86000C00788B1FFE79DF82500C00760B1FFE78A
:10A870000D980168012008620D99D1F8900040F010
:10A880000100C1F89000FFE79DF82800800700282C
:10A8900011D5FFE79DF82000C00760B1FFE70D98D4
:10A8A0000168022008620D99D1F8900040F0040080
:10A8B000C1F89000FFE79DF828004007002811D557
:10A8C000FFE79DF82000C00760B1FFE70D98016821
:10A8D000042008620D99D1F8900040F00200C1F800
:10A8E0009000FFE70D98D0F8900040B1FFE70D9879
:10A8F000FCF758FC0D990020C1F89000FFE7FFE736
:10A900000D98B0F85E00002840F09680FFE7FFE762
:10A91000FFE70D98006850E8000F20F48070079062
:10A92000FFE707990D98026842E800100028F0D16F
:10A93000FFE7FFE7FFE7FFE70D98006850E8020F29
:10A940004FF6FE71CEF6FF7108400690FFE70699BC
:10A950000D98026842E802100028EDD1FFE7FFE7FA
:10A960000D992020C1F88C000D99002048670D99A1
:10A9700008670D98006842F20041C4F20061884205
:10A9800025D0FFE70D98006842F20041C5F2006152
:10A9900088421CD0FFE70D9800684068000200283C
:10A9A00014D5FFE7FFE7FFE70D98006850E8000FB8
:10A9B00020F080600590FFE705990D98026842E855
:10A9C00000100028F0D1FFE7FFE7FFE7FFE70D9851
:10A9D000C06E01282BD1FFE70D990020C866FFE764
:10A9E000FFE70D98006850E8000F20F01000049079
:10A9F000FFE704990D98026842E800100028F0D1A2
:10AA0000FFE7FFE70D980068C06900F01001012022
:10AA1000B0EB111F05D1FFE70D9801681020086207
:10AA2000FFE70D98B0F85C10FCF722FB03E00D98EF
:10AA3000FDF720F8FFE700E0DDE60D98B0F85E00D6
:10AA4000ADF82C00BDF82C00A8B3FFE7BDF82C0032
:10AA50000D99B1F8681088422DDAFFE7FFE7FFE7AC
:10AA60000D98006850E8020F20F080500390FFE737
:10AA700003990D98026842E802100028F0D1FFE720
:10AA8000FFE70D994AF22160C0F600004867FFE732
:10AA9000FFE70D98006850E8000F40F0200002909A
:10AAA000FFE702990D98026842E800100028F0D1F3
:10AAB000FFE7FFE7FFE706E00D980168886940F0CF
:10AAC00008008861FFE70EB080BD000080B58AB045
:10AAD000099000208DF813000998006842F20041A7
:10AAE000C4F20061884209D0FFE70998006842F289
:10AAF0000041C5F20061884201D1FFE700E0FFE7B5
:10AB0000099988680B694A69C96918431043084361
:10AB1000089009980068006846F6F311CCF6FF71BA
:10AB2000084008990843099909680860099800686D
:10AB3000406820F44050099A1168D2681043486078
:10AB40000998806908900998006842F20041C4F2AF
:10AB5000006188420FD0FFE70998006842F2004187
:10AB6000C5F20061884206D0FFE70998016A08989B
:10AB700008430890FFE70998006880684FF2FF419A
:10AB8000C1F2FF11084008990843099909688860D3
:10AB900009980068C06A20F00F00099A1168526A8B
:10ABA0001043C862FFE70998006843F60001C4F249
:10ABB0000101884203D1FFE70120069043E0099894
:10ABC000006844F20041C4F20001884203D1FFE76B
:10ABD0000220069036E00998006844F60001C4F2AD
:10ABE0000001884203D1FFE70420069029E009987C
:10ABF000006844F60041C4F20001884203D1FFE737
:10AC0000082006901CE00998006845F20001C4F293
:10AC10000001884203D1FFE7102006900FE0099859
:10AC2000006842F20041C4F20061884203D1FFE7AC
:10AC30002020069002E000200690FFE7FFE7FFE7F4
:10AC4000FFE7FFE7FFE7FFE70998006842F20041EE
:10AC5000C4F20061884209D0FFE70998006842F217
:10AC60000041C5F2006188425CD1FFE706980021EF
:10AC7000F7F78EFA02900298002852D0FFE7029868
:10AC800009994A6A4DF64051C0F6000131F8121098
:10AC9000B0FBF1F0039003980999496801EB410179
:10ACA000884207D3FFE7039809994968B0EB013F51
:10ACB00004D9FFE701208DF8130031E002980999CB
:10ACC0004A6800924A6A4DF64051C0F6000131F8D8
:10ACD0001220002301931946F5F720FB009A019BEF
:10ACE000090241EA1061000210EB520041F100013B
:10ACF000F5F714FB05900598B0F5407F0BD3FFE7FF
:10AD000005990020B0EB115F05D1FFE7059809997F
:10AD10000968C86003E001208DF81300FFE7FFE732
:10AD2000FFE76FE00998C069B0F5004F3CD1FFE73D
:10AD300006980021F7F72CFA0290029898B3FFE7E3
:10AD40000298099A5168536A4DF64052C0F60002C3
:10AD500032F81320B0FBF2F0400000EB5100B0FBE2
:10AD6000F1F005900598102818D3FFE7BDF81600FC
:10AD7000A0B9FFE7059820F00F00ADF81E00059878
:10AD800000F00E01BDF81E0040EA5100ADF81E00B3
:10AD9000BDF81E0009990968C86003E001208DF81C
:10ADA0001300FFE7FFE72CE006980021F7F7F0F922
:10ADB0000290029820B3FFE70298099A5168536AFB
:10ADC0004DF64052C0F6000232F81320B0FBF2F00C
:10ADD00000EB5100B0FBF1F00590059810280AD364
:10ADE000FFE7BDF8160030B9FFE7BDF81400099978
:10ADF0000968C86003E001208DF81300FFE7FFE752
:10AE0000FFE7FFE709990120A1F86A000999A1F875
:10AE10006800099900204867099988679DF8130020
:10AE20000AB080BD88B007900691ADF8162006984C
:10AE300007998865BDF816000799A1F85C00BDF870
:10AE400016000799A1F85E00079900204867FFE700
:10AE500007988068B0F5805F10D1FFE70798006918
:10AE600030B9FFE7079940F2FF10A1F8600004E055
:10AE70000799FF20A1F86000FFE72EE0079880689F
:10AE800078B9FFE70798006928B9FFE70799FF201D
:10AE9000A1F8600004E007997F20A1F86000FFE7B7
:10AEA0001AE007988068B0F1805F0FD1FFE707983C
:10AEB000006928B9FFE707997F20A1F8600004E046
:10AEC00007993F20A1F86000FFE704E00799002000
:10AED000A1F86000FFE7FFE7FFE7FFE70799002021
:10AEE000C1F8900007992220C1F88C00FFE7FFE726
:10AEF0000798006850E8020F40F001000490FFE757
:10AF000004990798026842E802100028F0D1FFE790
:10AF1000FFE70798406EB0F1005F4CD1FFE7BDF846
:10AF200016000799B1F86810884244DBFFE70798DC
:10AF30008068B0F5805F0BD1FFE70798006938B9EA
:10AF4000FFE707994AF20530C0F60000486706E0BF
:10AF500007994AF2B570C0F600004867FFE7079806
:10AF60000069A0B1FFE7FFE7FFE70798006850E836
:10AF7000000F40F480700390FFE703990798026880
:10AF800042E800100028F0D1FFE7FFE7FFE7FFE706
:10AF9000FFE70798006850E8020F40F080500290E9
:10AFA000FFE702990798026842E802100028F0D1F2
:10AFB000FFE7FFE744E007988068B0F5805F0BD1BA
:10AFC000FFE70798006938B9FFE707994AF26D1063
:10AFD000C0F60000486706E007994AF22160C0F613
:10AFE00000004867FFE707980069A0B1FFE7FFE7A7
:10AFF000FFE70798006850E8000F40F49070019058
:10B00000FFE701990798026842E800100028F0D194
:10B01000FFE7FFE713E0FFE7FFE70798006850E866
:10B02000000F40F020000090FFE7009907980268A9
:10B0300042E800100028F0D1FFE7FFE7FFE7FFE755
:10B04000002008B07047000080B586B0DDF820C051
:10B05000049003918DF80B200193FFE7049800689A
:10B06000C06903990840401AB0FA80F040099DF881
:10B070000B10884266D1FFE708980130002860D0A5
:10B08000FFE7F6F737FA0199401A0899884203D882
:10B09000FFE7089820B9FFE703208DF8170055E077
:10B0A0000498006800684007002849D5FFE7039826
:10B0B000802845D0FFE70398402841D0FFE7049857
:10B0C0000068C06900F008010120B0EBD10F16D173
:10B0D000FFE7049801680820009008620498FEF7D2
:10B0E000D3FF00980499C1F89000FFE7049900206D
:10B0F00081F88400FFE701208DF8170026E004980E
:10B100000068C06900F400610120B0EBD12F16D1B6
:10B11000FFE7049801684FF4006008620498FEF7A6
:10B12000B3FF04992020C1F89000FFE704990020A4
:10B1300081F88400FFE703208DF8170006E0FFE7A1
:10B14000FFE78BE700208DF81700FFE79DF8170059
:10B1500006B080BD80B582B040F64430C2F2000037
:10B160000190FCF723F8019840F29871C2F20001B7
:10B1700001F582710122FCF715FC02B080BD0000D0
:10B1800081B040F29871C2F200010020A1F80201E2
:10B19000A1F80001FFE70098FF280CDCFFE7009A08
:10B1A00040F29871C2F2000100208854FFE7009835
:10B1B00001300090EFE701B070470000FFE7FEE7C5
:10B1C00081B08DF803009DF9030000280ED4FFE73D
:10B1D0009DF9031001F01F02012090404A094EF230
:10B1E0000011CEF2000141F82200FFE701B07047E4
:10B1F0004EF60C50CEF200000068C0F302207047FB
:10B2000082B08DF8070000919DF9070000280AD44C
:10B21000FFE7009800019DF907104EF20042CEF2C0
:10B22000000288540BE0009800019DF8071001F01F
:10B230000F014EF61452CEF200028854FFE702B01E
:10B240007047000082B08DF8070000919DF907005B
:10B2500000280AD4FFE7009800019DF907104EF27C
:10B260000042CEF2000288540BE0009800019DF8E5
:10B27000071001F00F014EF61452CEF2000288546E
:10B28000FFE702B07047000083B00290029800F020
:10B29000070000904EF60C51CEF2000108680190B4
:10B2A00001984FF6FF02104001900198009A40EA81
:10B2B00002200022C0F2FA52104301900198086067
:10B2C00003B0704781B040F29870C2F20000B0F84D
:10B2D0000211405CAA2828D1FFE740F29870C2F220
:10B2E0000000B0F802110131C9B2405CCA281CD17B
:10B2F000FFE740F29870C2F20000B0F8021102318C
:10B30000C9B2405CAC2810D1FFE740F29870C2F29D
:10B310000000B0F802110331C9B2405CBB2804D16F
:10B32000FFE701208DF8030003E000208DF8030003
:10B33000FFE79DF8030001B07047000080B586B0BC
:10B34000002003900590F6F7F3F8FDF7A9FBFCF752
:10B35000F9FCFCF7DFFFFCF793FCFCF7B1FDFCF711
:10B360004BFEFCF7B3FEFDF71DF8FDF763F8FCF7A5
:10B370009DFDFCF715FFFCF759FFFCF785FF40F634
:10B38000F820C2F20000FAF789FF40F67C10C2F202
:10B3900000000190FAF7D2FE40F6C810C2F2000099
:10B3A0000290FAF7CBFE40F61420C2F2000004909F
:10B3B000FAF7C4FE03990198FBF75AFC019804219F
:10B3C000FBF756FC03990298FBF752FC039904988B
:10B3D000FBF74EFC40F6A400C2F20000F5F712FDA8
:10B3E00040F29870C2F2000000F5827140F64430DD
:10B3F000C2F200000122FCF7D5FAFFF7C1FE00F00F
:10B4000011F800F031F8FCF767FC00F057F8FFE79F
:10B41000FEE7000080B582B00190FFE7012000F058
:10B420000BF8FBE740F61C51C2F200010020A1F826
:10B43000F20FA1F8F00F704780B582B00190FCF7D1
:10B440003DFB20B1FFE76FF00500009009E0002010
:10B450000090019820B1FFE7019801F0E3FBFFE7BE
:10B46000FFE7009802B080BD80B582B0FCF726FBF4
:10B4700020B1FFE76FF0050001901BE002F056F8E5
:10B4800000900098012810D1FFE740F27800C2F246
:10B490000000006848B9FFE740F27801C2F20001FD
:10B4A000012008600020019003E04FF0FF30019080
:10B4B000FFE7FFE7019802B080BD000080B582B0D1
:10B4C000FCF7FCFA20B1FFE76FF00500019020E0E7
:10B4D00002F02CF800900098012815D1FFE740F207
:10B4E0007800C2F20000006801280DD1FFE7FDF7E7
:10B4F00079FA40F27801C2F200010220086001F0FE
:10B5000027FC0020019003E04FF0FF300190FFE79F
:10B51000FFE7019802B080BDB0B58CB00A900991E8
:10B52000089200200590FCF7C9FA002840F09980A5
:10B53000FFE70A98002800F09480FFE7802006903B
:10B5400018200490002007904FF0FF3003900898D7
:10B5500000284DD0FFE70898006820B1FFE7089861
:10B5600000680790FFE70898806920B1FFE7089816
:10B5700080690490FFE7049848B1FFE704983828F1
:10B5800005D8FFE708980079C00718B1FFE7002049
:10B590000B9069E00898406928B1FFE70898406976
:10B5A00080080690FFE70898806880B1FFE7089858
:10B5B000C0685C280BD3FFE70898006938B1FFE743
:10B5C0000898406918B1FFE7012003900FE0089840
:10B5D000806858B9FFE70898C06838B9FFE708984D
:10B5E000006918B9FFE700200390FFE7FFE702E0DA
:10B5F00000200390FFE70398012817D1FFE70A987E
:10B600000799069A099BDDF810C0DDF820E0DEF806
:10B610000850DEF81040EE46CEF80850CEF8044050
:10B62000CEF800C001F02CFF059019E00398B0B9E6
:10B63000FFE70A980799BDF81820099BDDF810C0AC
:10B64000EE4605ACCEF80440CEF800C001F0C4FED2
:10B65000012803D0FFE700200590FFE7FFE7FFE7A1
:10B66000FFE705980B90FFE70B980CB0B0BD00000A
:10B6700080B586B00590049142F65000C2F20000F9
:10B680000068029041F60460C2F2000000680430D5
:10B6900001F096F808B9FFE700E0FFE705980130F0
:10B6A00028BBFFE7049810B3FFE7FFE742F6280145
:10B6B000C2F2000148680190019A41F60460C2F2AA
:10B6C000000003689A60019A92680368DA60026871
:10B6D0000432019B9B685A6002680432019B9A60A5
:10B6E00000684161086801300860FFE73DE00298AA
:10B6F000059908440390039841F60461C2F20001E1
:10B70000096848600398029988420ED2FFE741F623
:10B710001460C2F20000006841F60461C2F2000148
:10B720000968043101F0C4F81EE041F60C60C2F271
:10B730000000006841F60461C2F2000109680431AA
:10B7400001F0B6F8039842F2B471C2F20001096840
:10B75000884207D2FFE7039842F2B471C2F20001B7
:10B76000086000E0FFE7FFE7FFE706B080BD0000EC
:10B7700080B582B0019001F0D1F842F28C21C2F282
:10B78000000108680130086041F60460C2F2000060
:10B79000006898B9FFE7019841F60461C2F2000120
:10B7A000086042F28C20C2F200000068012803D138
:10B7B000FFE700F033FA00E0FFE71CE042F61C0070
:10B7C000C2F200000068A0B9FFE741F60460C2F2CF
:10B7D00000000068C06A0199C96A884207D8FFE77B
:10B7E000019841F60461C2F20001086000E0FFE741
:10B7F00000E0FFE7FFE742F29820C2F20000016894
:10B8000001310160006801994864FFE7FFE7019892
:10B81000C06A42F29C21C2F200010968884208D93C
:10B82000FFE70198C06A42F29C21C2F20001086061
:10B83000FFE7FFE7FFE70198C06A00EB800041F6F1
:10B840001C61C2F2000101EB80004068009000988A
:10B85000019A906000988068019AD0600198043045
:10B86000009A9268506001980430009A9060019AA2
:10B87000D06A00EB800001EB800050610198C06A43
:10B8800000EB800251F82200013041F82200FFE76E
:10B89000FFE701F053F842F61C00C2F20000006816
:10B8A00080B1FFE741F60460C2F200000068C06AA0
:10B8B0000199C96A884203D2FFE701F0E7F800E086
:10B8C000FFE700E0FFE702B080BD000080B584B074
:10B8D00001F024F842F65400C2F20000006800288B
:10B8E00040D1FFE742F25870C2F20000029000F02F
:10B8F000BFFF42F26C70C2F20000039000F0B8FF8C
:10B900000299039841F60862C2F20002116041F602
:10B910001861C2F20001086069460020086041F623
:10B920001052C2F2000241F6B053C2F200030A20E4
:10B93000102101F06FFB014642F65400C2F20000F4
:10B940000160006860B1FFE742F65400C2F20000F7
:10B9500000684DF6F651C0F6000101F0A3F800E0D2
:10B96000FFE700E0FFE700F0E9FF04B080BD000062
:10B9700080B582B0FFE742F29020C2F2000000687A
:10B9800008B3FFE700F0CAFF42F63C00C2F2000035
:10B99000C068C06801900198043000F011FF42F2C5
:10B9A0008C21C2F2000108680138086042F290213F
:10B9B000C2F2000108680138086000F0BFFF01987A
:10B9C00000F026F8D7E702B080BD000080B582B055
:10B9D000019000910198006CB8B1FFE70199C86827
:10B9E0000A6C1044C86001988168C068884204D31A
:10B9F000FFE701990868C86000E0FFE70098019A36
:10BA0000D168126CF4F702FDFFE702B080BD0000C0
:10BA100080B582B00190019890F8590040B9FFE7D5
:10BA20000198006B00F0A6FF019800F0A3FF15E05D
:10BA3000019890F85900012804D1FFE7019800F01F
:10BA400099FF0AE0019890F85900022804D0FFE716
:10BA500000F0AAFEFFE7FEE7FFE7FFE702B080BDC8
:10BA600082B0019041F60860C2F2000000680068F0
:10BA7000B0FA80F04009019908600198006848B95F
:10BA8000FFE741F60860C2F200000068C068006885
:10BA9000009002E000200090FFE7009802B070479D
:10BAA00080B582B00190FFE7FFF762FF41F61C60AE
:10BAB000C2F200000068022803D3FFE700F0E6FFAF
:10BAC00000E0FFE7F0E7000080B584B0DDF818C0C3
:10BAD0000390029101928DF80330029818B9FFE7A4
:10BAE0000698006003E0019806990860FFE7039854
:10BAF0000699C8630298069908640698012101F026
:10BB0000D9FA9DF80300069981F84C0004B080BD75
:10BB100080B586B0DDF82CC0DDF828C0DDF824C083
:10BB2000DDF820C005900491039202930A98006BFF
:10BB300003998900A522F4F7AEFC0A98006B0399DB
:10BB400000EB810004380190019820F0070001907B
:10BB50009DF80400400720B1FFE700F025FEFFE755
:10BB6000FEE70498F8B1FFE700200090FFE7009897
:10BB70000F2813D8FFE70498009A805C0A991144B3
:10BB800081F8340004980099405C08B9FFE705E0AB
:10BB9000FFE7FFE7009801300090E8E70A990020EE
:10BBA00081F8430000E0FFE70898382804D3FFE756
:10BBB00000F0FAFDFFE7FEE70898382803D3FFE717
:10BBC0003720089000E0FFE708980A99C8620898B3
:10BBD0000A99C8640A98043000F062FE0A98183086
:10BBE00000F05EFE0A9800610898C0F138000A99DA
:10BBF00088610A98406201980A99096B059A029B2C
:10BC000000F00CFC0A990860099820B1FFE70A9837
:10BC10000999086000E0FFE706B080BD80B584B0F8
:10BC200000200390FFE70398372810D8FFE7039818
:10BC300000EB800141F61C60C2F2000000EB8100C5
:10BC400000F016FEFFE7039801300390EBE742F2A5
:10BC50008070C2F20000019000F00AFE42F294707F
:10BC6000C2F20000029000F003FE42F2C870C2F27D
:10BC7000000000F0FDFD42F63C00C2F2000000F0C2
:10BC8000F7FD42F62800C2F2000000F0F1FD019934
:10BC9000029841F60C62C2F20002116041F6146192
:10BCA000C2F20001086004B080BD000083B00290C1
:10BCB00042F62000C2F200000190FFE70198006800
:10BCC0000299884205D2FFE7FFE7019800680190DA
:10BCD000F4E7019800900098019949680844029996
:10BCE000884209D1FFE702984268019948681044E8
:10BCF00048600198029000E0FFE7029800900098E9
:10BD000002994968084401990968884220D1FFE7EF
:10BD10000198006841F61061C2F20001096888428A
:10BD20000DD0FFE701980068426802994868104406
:10BD300048600198006800680299086007E041F6D1
:10BD40001060C2F20000006802990860FFE704E09A
:10BD50000198006802990860FFE7019802998842FB
:10BD600004D0FFE702980199086000E0FFE703B004
:10BD70007047000080B586B005900491039202934D
:10BD80000020019004980599486005980061049886
:10BD90000399884216D8FFE703980299401A05993B
:10BDA0008969884203D3FFE70120019009E041F649
:10BDB0001860C2F2000000680599043100F078FDB7
:10BDC000FFE717E003980299884208D2FFE704983A
:10BDD0000299884203D3FFE70120019009E041F670
:10BDE0000860C2F2000000680599043100F060FDAF
:10BDF000FFE7FFE7019806B080BD000080B582B084
:10BE0000019000F08BFD0198806B18B9FFE70120CD
:10BE1000009002E000200090FFE700F08FFD009806
:10BE200002B080BD80B584B00390029141F60860F5
:10BE3000C2F200000068C068C06801900198043038
:10BE400000F0BEFC019890F828004007002806D5B5
:10BE5000FFE701980399029A00F004F907E00199BD
:10BE600091F8280000F0FE0081F82800FFE7019813
:10BE7000016A884704B080BD80B58AB0FFE742F60A
:10BE80005400C2F20000006806A9002201F080F907
:10BE9000002800F0A080FFE70698B0F1FF3F10DC1B
:10BEA000FFE706A804300290029820B9FFE700F0EF
:10BEB0007BFCFFE7FEE702990A68486889689047BB
:10BEC00000E0FFE70698002800F18480FFE708986B
:10BED00005900598406928B1FFE70598043000F007
:10BEE0006FFC00E0FFE704A800F0F4F80390069868
:10BEF00001380146019108286AD80199DFE801F06C
:10BF00000505323A540505323A00059991F82800A2
:10BF100040F0010081F828000598079B81691944C9
:10BF2000039AFFF727FFD8B1FFE7059890F828009C
:10BF30004007002808D5FFE7059807998269114452
:10BF4000039A00F08FF807E0059991F8280000F0B7
:10BF5000FE0081F82800FFE70598016A884700E0A5
:10BF6000FFE736E0059991F8280000F0FE0081F81F
:10BF700028002EE0059991F8280040F0010081F892
:10BF800028000798059988610598806920B9FFE71E
:10BF900000F00AFCFFE7FEE70598039B816919445E
:10BFA0001A46FFF7E7FE14E0059890F8280080078E
:10BFB000002804D4FFE7059800F0DCFC07E00599B1
:10BFC00091F8280000F0FE0081F82800FFE700E06B
:10BFD000FFE7FFE753E70AB080BD000080B584B0FB
:10BFE0000390029100F018FF684600F073F801908A
:10BFF000009890BBFFE7029860B9FFE703980199AA
:10C00000884207D8FFE701F0C5FC03980199FFF7C4
:10C0100009FF21E0029858B1FFE741F61860C2F22B
:10C02000000000680068B0FA80F040090290FFE765
:10C0300042F65400C2F2000000680399019A891A7E
:10C04000029A00F085FD01F0A5FC18B9FFE700F0A9
:10C050001DFD00E0FFE7FFE702E001F09BFCFFE7CA
:10C0600004B080BD80B584B0039002910192FFE7D7
:10C070000398029B81691944019AFFF77BFE48B13E
:10C08000FFE7039881690298084402900398016AC7
:10C090008847EDE704B080BD41F60C60C2F20000B5
:10C0A0000068006840B9FFE742F2B471C2F20001D3
:10C0B0004FF0FF3008600CE041F60C60C2F2000067
:10C0C0000068C068006842F2B471C2F20001086002
:10C0D000FFE7704780B582B0019001F043FA00900D
:10C0E000009841F60061C2F200010968884206D258
:10C0F000FFE700F011F801990120086003E00199C1
:10C1000000200860FFE7009841F60061C2F20001DC
:10C110000860009802B080BD80B582B0FFE741F6AC
:10C120000860C2F200000068006870B1FFE741F6E5
:10C130000860C2F200000068C068006801900198C1
:10C140004FF0FF31FFF76EFEE9E741F60862C2F2F9
:10C1500000021068009041F61861C2F20001086800
:10C1600010600098086002B080BD000080B582B009
:10C170000020019040F20800C2F200000068013087
:10C1800020B1FFE700F010FBFFE7FEE700F00CFB3B
:10C19000FFE7019808B9FFE7FBE702B080BD0000A8
:10C1A00080B584B00390FFE701A8FFF759FC029027
:10C1B00002980199FFF712FFFFF75EFEF4E7000017
:10C1C00080B582B0019000F0A9FB019890F845007D
:10C1D0008DF80300FFE79DF90300012816DBFFE758
:10C1E0000198406A58B1FFE70198243001F000FB44
:10C1F00018B1FFE700F050FD00E0FFE700E005E0C8
:10C200009DF8030001388DF80300E4E70199FF2051
:10C2100081F8450000F092FB00F080FB019890F857
:10C2200044008DF80200FFE79DF90200012816DBAB
:10C23000FFE70198006980B1FFE70198103001F035
:10C24000D7FA18B1FFE700F027FD00E0FFE79DF8FF
:10C25000020001388DF8020000E000E0E4E70199F7
:10C26000FF2081F8440000F069FB02B080BD0000AF
:10C2700080B588B007900020039041F61060C2F2AC
:10C280000000006820B9FFE700F08EFAFFE7FEE744
:10C2900000F0C2FD079840B3FFE7079810F1090FBF
:10C2A0001FD8FFE70798083007909DF81C0040074B
:10C2B000A8B1FFE7079800F00700C0F1080002905E
:10C2C00007980299C943884205D8FFE70299079861
:10C2D0000844079002E000200790FFE700E0FFE736
:10C2E00002E000200790FFE700E0FFE79DF81F0055
:10C2F0000006002800F18C80FFE70798002800F076
:10C300008580FFE7079842F2A871C2F20001096830
:10C3100088427BD8FFE742F62000C2F20000059079
:10C3200000680690FFE706984168079A002091424E
:10C33000019007D2FFE706980068002818BF012087
:10C340000190FFE70198C00730B1FFE7069805901C
:10C35000069800680690E6E7069841F61061C2F27A
:10C360000001096888424FD0FFE70598006808304F
:10C370000390069800680599086006984068079938
:10C38000401A112811D3FFE7069807990844049032
:10C39000069840680799401A0499486007980699DA
:10C3A00048600498FFF782FC00E0FFE706984268C7
:10C3B00042F2A870C2F200000168891A01600068A8
:10C3C00042F2B071C2F20001096888420BD2FFE765
:10C3D00042F2A870C2F20000006842F2B071C2F2EC
:10C3E0000001086000E0FFE70699486840F000405F
:10C3F000486006990020086042F2BC71C2F2000158
:10C4000008680130086000E0FFE700E0FFE700E0B7
:10C41000FFE701F0BFFA039808B080BD84B0039035
:10C4200002910192009303980438039003994FF00E
:10C43000807008600398043803900198039908609D
:10C4400003980438039003994CF26D10C0F6000075
:10C45000086003980438039003994FF01230086085
:10C4600003980438039003994FF003300860039851
:10C470000438039003994FF00230086003980438A1
:10C48000039003994FF0013008600398043803903B
:10C4900000980399086003980438039003994FF0BB
:10C4A0001130086003980438039003994FF010305E
:10C4B000086003980438039003994FF0093008602E
:10C4C00003980438039003994FF0083008600398EC
:10C4D0000438039003994FF007300860039804383C
:10C4E000039003994FF006300860039804380390D6
:10C4F00003994FF0053008600398043803900399BE
:10C500004FF00430086003980438039003996FF0EB
:10C510004300086003980438039002980399086068
:10C52000039804B07047000080B584B00390FFE723
:10C5300040F29871C2F20001B1F80001B1F80211A5
:10C54000401A00F5807000EB106121F0FF01401AE5
:10C550006728C0F22881FFE7FFE740F29871C2F236
:10C560000001B1F80001B1F80211401A00F5807025
:10C5700000EB106121F0FF01401A0528C0F2128182
:10C58000FFE7FEF79FFE002800F0F580FFE740F28E
:10C590009872C2F20002B2F80001B2F80211401A19
:10C5A00000F5807000EB106323F0FF03C01A114404
:10C5B00009790831884240F3D280FFE740F2987150
:10C5C000C2F20001B1F8020108440079011F42F2F1
:10C5D0009340C9F2492050FB0111C80800EBD1700B
:10C5E00040F61C53C2F20003B3F8F01FCC2201FB4B
:10C5F000023181F8C80000200290FFE7029840F65F
:10C600001C53C2F20003B3F8F01FCC2201FB02312D
:10C6100091F8C810884280F28D80FFE740F298734D
:10C62000C2F200030093B3F80201C118887AC97AF4
:10C6300040EA012040F61C52C2F200020192B2F818
:10C64000F0CFCC210CFB012CDDF808E00EEB8E0EB8
:10C650002CF82E00B3F8020100EB030C9CF80C0040
:10C660009CF80DC040EA0C20B2F8F0CF0CFB012C76
:10C67000DDF808E00EEB8E0E0CEB8E0CACF8020031
:10C68000B3F8020100EB030C9CF80E009CF80FC0FD
:10C6900040EA0C20B2F8F0CF0CFB012CDDF808E0EA
:10C6A0000EEB8E0E0CEB8E0CACF80400B3F802010E
:10C6B00000EB030C9CF810009CF811C040EA0C2021
:10C6C000B2F8F0CF0CFB012CDDF808E00EEB8E0E7B
:10C6D0000CEB8E0CACF80600B3F8020100EB030C77
:10C6E0009CF812009CF813C040EA0C20B2F8F0CF7E
:10C6F0000CFB012CDDF808E00EEB8E0E0CEB8E0C23
:10C70000ACF80C00B3F802011844406900EE100ABE
:10C71000B8EEC00AB2F8F00F00FB0120029901EB5D
:10C72000810100EB810080ED040AFFE702980130EF
:10C73000029063E740F61C51C2F20001B1F8F00F1D
:10C7400001304CF6CD42CCF6CC42A0FB02321209AD
:10C7500002EB8202A0EB8200A1F8F00F0AE040F2A7
:10C760009871C2F20001B1F802010130C0B2A1F823
:10C77000020117E00AE040F29871C2F20001B1F83C
:10C7800002010130C0B2A1F802010BE0FFE740F264
:10C790009871C2F20001B1F802010130C0B2A1F8F3
:10C7A0000201DAE6FFE7C3E6EFF311804FF0500134
:10C7B00081F31188BFF34F8FBFF36F8F7047000075
:10C7C00082B00190019800690090019841688068EA
:10C7D00088600199486889684860009840680199B4
:10C7E000884205D1FFE7019880680099486000E021
:10C7F000FFE7019900200861009908680138086086
:10C800000098006802B0704783B0029001910092D6
:10C81000029942F2A040C2F200000860019942F27F
:10C82000A020C2F20000086000998020086003B0D8
:10C830007047000083B0029001910092029942F289
:10C84000FC60C2F200000860019942F2FC40C2F2B2
:10C850000000086000998020086003B07047000065
:10C8600080F31188BFF34F8FBFF36F8F70470000C5
:10C8700081B00090009901F10800486000994FF0E4
:10C88000FF308860009901F10800C860009901F14B
:10C890000800086100990020086001B0704700009E
:10C8A00081B0009000990020086101B0704700003D
:10C8B00084B00390029102980068009000980130C3
:10C8C00020B9FFE703980069019010E00398083051
:10C8D0000190FFE70198406800680099884205D8F8
:10C8E000FFE7FFE7019840680190F3E7FFE7019851
:10C8F00040680299486002984168886001980299EE
:10C900008860029801994860039802990861039928
:10C9100008680130086004B07047000080B5FFF778
:10C9200043FF40F20801C2F20001086801300860CC
:10C93000BFF34F8FBFF36F8F80BD000080B540F213
:10C940000800C2F20000006820B9FFE7FFF72CFFE3
:10C95000FFE7FEE740F20800C2F20000016801397B
:10C960000160006820B9FFE70020FFF779FFFFE7CB
:10C9700080BD000080B584B00390039802900398B6
:10C98000002844D0FFE702980838029002980190EE
:10C990000198C1790020B0EBD11F04D1FFE7FFF768
:10C9A00003FFFFE7FEE70198006820B1FFE7FFF70C
:10C9B000FBFEFFE7FEE70198C1790020B0EBD11F35
:10C9C00023D0FFE701980068E8B9FFE701994868BC
:10C9D00020F00040486000F01FFA0198426842F2DF
:10C9E000A871C2F200010868104408600198FFF7BE
:10C9F0005DF942F2C071C2F20001086801300860BE
:10CA000000F0C8FF00E0FFE700E0FFE7FFE704B049
:10CA100080BD000080B584B00390039880690290C7
:10CA2000029810F8020C8DF807009DF807006628A0
:10CA300003D1FFE700F0C4F803E0FFF7B5FEFFE71E
:10CA4000FEE704B080BD00004EF21001CEF20001FE
:10CA5000002008604EF21802CEF20002106040F290
:10CA60000400C2F20000006844F6D352C1F2620230
:10CA7000A0FB02024FF0FF3000EB92104EF21402C6
:10CA8000CEF2000210600720086070474EF6045195
:10CA9000CEF200014FF080500860BFF34F8FBFF31C
:10CAA0006F8F704780B584B0039002910020009092
:10CAB000039820B9FFE7FFF777FEFFE7FEE702984C
:10CAC000C8B3FFE700200190FFE70198072831D89D
:10CAD000FFE70398019A42F2DC71C2F2000101EB18
:10CAE000C2014968884209D1FFE7019942F2DC702E
:10CAF000C2F2000000EBC10000901BE0009890B96A
:10CB0000FFE7019942F2DC70C2F2000050F83100F8
:10CB100048B9FFE7019942F2DC70C2F2000000EB75
:10CB2000C100009000E0FFE7FFE7FFE70198013058
:10CB30000190CAE7FFE7009838B1FFE70298009933
:10CB40000860039800994860FFE704B080BD0000CA
:10CB500080B584B003900291019203980090FFF792
:10CB6000DDFE009890F94400013028B9FFE70099F4
:10CB7000002081F84400FFE7009890F9450001305B
:10CB800028B9FFE70099002081F84500FFE7FFF78B
:10CB9000D5FE0098806B38B9FFE7009824300299E1
:10CBA000019A00F09BF800E0FFE70098FFF708FB10
:10CBB00004B080BD00000000000000000000000084
:10CBC0000B4A1168086806C881F30B88022181F3BB
:10CBD0001488203080F30988BFF36F8F4FF0000076
:10CBE00080F31188104700BF00BF00BF00BF00BF27
:10CBF000041E0020000000000000000000000000F3
:10CC000007480068006880F3088862B661B6BFF321
:10CC10004F8FBFF36F8F66DF00BF00BF00BF00BF45
:10CC200008ED00E080B582B00190002000900198EE
:10CC3000A8B1FFE742F29420C2F20000006820B1E0
:10CC4000FFE7FFF7B1FDFFE7FEE700F0E5F8019829
:10CC50000021FEF70DFD00F09DFE009000E0FFE7D3
:10CC6000009818B9FFE7FFF711FF00E0FFE702B0F7
:10CC700080BD000081B0009042F2B870C2F20000A6
:10CC800000680099086042F65000C2F20000006897
:10CC90000099486001B0704742F65C01C2F20001A1
:10CCA000012008607047000080B582B001900091BB
:10CCB000019820B9FFE7FFF777FDFFE7FEE701984E
:10CCC00041F60461C2F2000109681831FFF7F0FD76
:10CCD00000980121FEF7CCFC02B080BD80B584B085
:10CCE000039002910192039820B9FFE7FFF75CFDE2
:10CCF000FFE7FEE7FFE7039840680090009841F6E1
:10CD00000461C2F200010A68D061009880680A6874
:10CD1000106208681830009A9268506008681830ED
:10CD2000009A906003980968886203990868013046
:10CD30000860FFE7019820B1FFE74FF0FF30029055
:10CD4000FFE702980199FEF793FC04B080BD000054
:10CD500080B588B0002003900690059006A805A92C
:10CD600004AAFFF751FD039B049A0599DDF818C04A
:10CD70006846C0F808C0416003604BF6A120C0F6C9
:10CD800000004DF6F151C0F6000100F079FB0146BC
:10CD900042F2AC70C2F200000160006818B1FFE717
:10CDA0000120079002E000200790FFE70798012884
:10CDB00004D1FFE700F000FF079000E0FFE70798CD
:10CDC000012818D1FFE7FFF7EFFC42F2B471C2F27D
:10CDD00000014FF0FF30086042F61C01C2F2000172
:10CDE0000120086042F65001C2F2000100200860F4
:10CDF00000F07AF808E00798013020B9FFE7FFF764
:10CE0000D3FCFFE7FEE7FFE74DF60460C0F6000045
:10CE1000006808B080BD000042F29421C2F2000117
:10CE2000086801300860704780B582B042F29420F3
:10CE3000C2F20000006838B1FFE742F65C01C2F2BE
:10CE40000001012008604DE042F65C01C2F20001E1
:10CE500000200860FFE742F29C20C2F20000006858
:10CE60000190FFE7019800EB800141F61C60C2F2DF
:10CE7000000050F8210058B9FFE7019820B9FFE7FA
:10CE8000FFF792FCFFE7FEE7019801380190E9E720
:10CE9000FFE7019800EB800141F61C60C2F2000040
:10CEA00000EB810000900099486840684860009954
:10CEB00048680831884204D1FFE70099C868486093
:10CEC000FFE700984068C06841F60461C2F20001C3
:10CED0000860FFE7019842F29C21C2F2000108605D
:10CEE000FFE7FFE702B080BD80B584B0002002906C
:10CEF0004EF61C50CEF20000016803914FF07F41C6
:10CF000001600068000E8DF807009DF8070000F032
:10CF1000500142F28020C2F200000170007820B976
:10CF2000FFE7FFF741FCFFE7FEE79DF80700C0437E
:10CF300010F0500F04D0FFE7FFF736FCFFE7FEE7E5
:10CF4000FFE79DF807000006002809D5FFE70298D3
:10CF5000013002909DF8070040008DF80700F0E7CF
:10CF60000298082807D1FFE742F28421C2F20001AB
:10CF70000020086008E00298C0F1070042F2842116
:10CF8000C2F200010860FFE742F28421C2F2000110
:10CF9000086800020860086800F4E0600860039810
:10CFA0004EF61C51CEF2000108604EF62051CEF232
:10CFB0000001086840F47F000860086840F07F4086
:10CFC0000860FFF741FD40F20801C2F200010020B5
:10CFD00000900860FFF714FEFFF726FFFFF7C6F882
:10CFE000009804B080BD000080B582B0FFF7DCFB84
:10CFF000019000F0C1FA40B1FFE74EF60451CEF2C5
:10D0000000014FF080500860FFE70198FFF728FC0F
:10D0100002B080BD80B588B084460A98CDF81CC0A7
:10D020000691059204938DF80F0000200290049859
:10D0300020B9FFE7FFF7B8FBFFE7FEE7079868B303
:10D04000FFE7049850B3FFE7059818B1FFE706988B
:10D0500020B3FFE7059818B9FFE70698F0B9FFE796
:10D06000502001900198502804D0FFE7FFF79CFB67
:10D07000FFE7FEE70198049802900299012081F8E9
:10D08000460007980699059A9DF80F30DDF808C00C
:10D09000EE46CEF800C0FEF717FD07E0029820B973
:10D0A000FFE7FFF781FBFFE7FEE7FFE7029808B025
:10D0B00080BD000080B584B00390029101200190F2
:10D0C00003980090009820B9FFE7FFF76DFBFFE79A
:10D0D000FEE7009800284DD0FFE70098C06B0028BD
:10D0E00048D0FFE70098C26B016C4FF0FF30B0FBF7
:10D0F000F2F088423ED3FFE7FFF710FC00990B687F
:10D10000C86B0A6C00FB02308860009900208863BD
:10D1100000990868486000990B68C86B0A6C013870
:10D1200000FB0230C8600099FF2081F8440000999C
:10D1300081F84500029888B9FFE70098006958B166
:10D14000FFE70098103000F053FB18B1FFE7FFF73E
:10D150009DFC00E0FFE700E0FFE708E000981030EA
:10D16000FFF786FB00982430FFF782FBFFE7FFF70D
:10D17000E5FB02E000200190FFE7019820B9FFE7FE
:10D18000FFF712FBFFE7FEE7019804B080BD000047
:10D1900080B58CB00A9009910892002007900A98F7
:10D1A0000490049820B9FFE7FFF7FEFAFFE7FEE7D7
:10D1B00009990020029039B9FFE70498006C002813
:10D1C00018BF01200290FFE70298C00720B1FFE7D7
:10D1D000FFF7EAFAFFE7FEE700F0A8F901460020B2
:10D1E000019031B9FFE70898002818BF012001908D
:10D1F000FFE70198C00720B1FFE7FFF7D5FAFFE787
:10D20000FEE7FFE7FFF78AFB0498806B0390039823
:10D21000E8B1FFE704980999FEF7D8FB03980138B5
:10D22000049988630498006958B1FFE704981030A6
:10D2300000F0DEFA18B1FFE7FFF728FC00E0FFE797
:10D2400000E0FFE7FFF77AFB01200B9064E008980D
:10D2500028B9FFE7FFF772FB00200B905CE007980E
:10D2600030B9FFE705A8FFF705FD0120079000E0B2
:10D27000FFE7FFE7FFE7FFF761FBFFF7CDFDFFF7F4
:10D280004DFB049890F94400013028B9FFE7049958
:10D29000002081F84400FFE7049890F94500013030
:10D2A00028B9FFE70499002081F84500FFE7FFF760
:10D2B00045FB05A808A900F033F8E8B9FFE7049892
:10D2C000FEF79CFD88B1FFE7049824300899FFF72A
:10D2D000EBFC0498FEF774FF00F05CFB18B9FFE765
:10D2E000FFF7D4FB00E0FFE705E00498FEF768FFD6
:10D2F00000F050FBFFE70EE00498FEF761FF00F03E
:10D3000049FB0498FEF77AFD18B1FFE700200B9067
:10D3100002E0FFE7FFE775E70B980CB080BD000067
:10D3200080B586B005900491059820B9FFE7FFF716
:10D330003BFAFFE7FEE7049820B9FFE7FFF734FA6E
:10D34000FFE7FEE7FFF7EAFA42F65000C2F20000FC
:10D3500000680290029805994968401A0190049863
:10D360000068013018B9FFE7002003902EE042F278
:10D37000B870C2F2000000680599096888420CD0B4
:10D38000FFE7029805994968884206D3FFE7012024
:10D39000039004990020086017E001980499096837
:10D3A00088420BD2FFE7019A04990868801A086046
:10D3B0000598FFF75FFC0020039005E0049900202A
:10D3C000086001200390FFE7FFE7FFE7FFF7B6FAE9
:10D3D000039806B080BD000070B58CB0DDF844C085
:10D3E000DDF840C00B900A91ADF826200893BDF8F7
:10D3F00026008000FEF73CFF05900598A0B1FFE7EE
:10D400005C20FEF735FF0790079840B1FFE70798CB
:10D410005C21F3F748F805980799086303E005983D
:10D42000FFF7A8FAFFE702E000200790FFE7079860
:10D43000F0B1FFE70798002680F859600B980A9929
:10D44000BDF82620089BDDF840C0119C079DEE46E4
:10D45000CEF80C60CEF80850CEF80440CEF800C0EC
:10D46000FEF756FB0798FEF783F90120069003E0CC
:10D470004FF0FF300690FFE706980CB070BD00003B
:10D48000B0B58CB0DDF848C0DDF844C0DDF840C070
:10D490000B900A9109920893119820B9FFE7FFF7C2
:10D4A00083F9FFE7FEE7129820B9FFE7FFF77CF961
:10D4B000FFE7FEE75C20059005985C2804D0FFE7B5
:10D4C000FFF772F9FFE7FEE70598129840B3FFE710
:10D4D000119828B3FFE71298079007985C21F2F79C
:10D4E000E2FF1198079908630799022081F8590013
:10D4F0000B980A99099A089BDDF840C0079CEE46F4
:10D500000025CEF80C50CEF8084006ACCEF804400A
:10D51000CEF800C0FEF7FCFA0798FEF729F902E002
:10D5200000200690FFE706980CB0B0BD81B042F62F
:10D530001C00C2F20000006818B9FFE7012000904B
:10D540000DE042F29420C2F20000006818B9FFE733
:10D550000220009002E000200090FFE7FFE7009823
:10D5600001B0704781B042F65000C2F2000000687E
:10D570000090009801B0704780B588B000200590F9
:10D5800042F29420C2F200000068002840F024819A
:10D59000FFE742F65001C2F2000108680130049032
:10D5A00004980860049830BBFFE7FFE741F60C6081
:10D5B000C2F200000068006820B1FFE7FFF7F4F84E
:10D5C000FFE7FEE741F60C62C2F20002106803902A
:10D5D00041F61461C2F20001086810600398086007
:10D5E00042F2B871C2F20001086801300860FEF72B
:10D5F00053FDFFE700E0FFE7049842F2B471C2F286
:10D60000000109688842C0F0C680FFE7FFE741F6E5
:10D610000C60C2F200000068006840B9FFE742F207
:10D62000B471C2F200014FF0FF300860B2E041F681
:10D630000C60C2F200000068C068C06807900798DC
:10D640004068069004980699884207D2FFE706983A
:10D6500042F2B471C2F2000108609BE0FFE7FFE70D
:10D6600007984069029007988168C06888600799A8
:10D670008868C96848600298406807990431884200
:10D6800005D1FFE70798C06802994860FFE707994E
:10D69000002048610299086801380860FFE7079890
:10D6A000806A08B3FFE7FFE70798806A0190079850
:10D6B000C169006A88600799C869096A4860019869
:10D6C000406807991831884205D1FFE70798006A3A
:10D6D00001994860FFE7079900208862019908686E
:10D6E00001380860FFE700E0FFE7FFE7FFE7079882
:10D6F000C06A42F29C21C2F200010968884208D93E
:10D70000FFE70798C06A42F29C21C2F2000108605C
:10D71000FFE7FFE7FFE70798C06A00EB800041F6EC
:10D720001C61C2F2000101EB80004068009000988B
:10D73000079A906000988068079AD0600798043034
:10D74000009A9268506007980430009A9060079A97
:10D75000D06A00EB800001EB800050610798C06A3E
:10D7600000EB800251F82200013041F82200FFE76F
:10D77000FFE70798C06A41F60461C2F20001096838
:10D78000C96A884203D9FFE70120059000E0FFE75E
:10D79000FFE73CE7FFE741F60460C2F200000068E3
:10D7A000C06A00EB800141F61C60C2F2000050F834
:10D7B0002100022803D3FFE70120059000E0FFE7E6
:10D7C00042F65C00C2F20000006818B1FFE70120D9
:10D7D000059000E0FFE707E042F2C471C2F20001E9
:10D7E000086801300860FFE7059808B080BD0000B8
:10D7F00080B588B007900798C068C0680690069802
:10D8000020B9FFE7FEF7D0FFFFE7FEE7FFE7069846
:10D81000806A04900698C169006A88600699C869A0
:10D82000096A48600498406806991831884205D111
:10D83000FFE70698006A04994860FFE70699002010
:10D8400088620499086801380860FFE742F2942072
:10D85000C2F200000068002865D1FFE7FFE70698E4
:10D860004069039006988168C06888600699886856
:10D87000C96848600398406806990431884205D118
:10D88000FFE70698C06803994860FFE70699002003
:10D8900048610399086801380860FFE7FFE7FFE780
:10D8A0000698C06A42F29C21C2F2000109688842CF
:10D8B00008D9FFE70698C06A42F29C21C2F2000133
:10D8C0000860FFE7FFE7FFE70698C06A00EB80000B
:10D8D00041F61C61C2F2000101EB80004068029039
:10D8E0000298069A906002988068069AD06006981E
:10D8F0000430029A9268506006980430029A906050
:10D90000069AD06A00EB800001EB80005061069817
:10D91000C06A00EB800251F82200013041F8220079
:10D92000FFE7FFE71DE0FFE742F2C871C2F2000126
:10D93000486801900198069AD06101988068069A1B
:10D94000106206981830019A926850600698183054
:10D95000019A906006988162086801300860FFE7CC
:10D96000FFE70698C06A41F60461C2F20001096847
:10D97000C96A884208D9FFE70120059042F65C0198
:10D98000C2F20001086002E000200590FFE7059860
:10D9900008B080BD80B586B000200590049042F2AA
:10D9A0009420C2F20000006820B9FFE7FEF7FCFEF9
:10D9B000FFE7FEE7FEF7B2FF42F29420C2F200005A
:10D9C0000168013901600068002840F0EE80FFE73F
:10D9D00042F28C20C2F200000068002800F0E480CF
:10D9E000FFE7FFE742F2C870C2F2000000680028BB
:10D9F00000F0A080FFE742F2C870C2F20000C068E9
:10DA0000C0680590FFE70598806A03900598C16992
:10DA1000006A88600599C869096A48600398406887
:10DA200005991831884205D1FFE70598006A0399E6
:10DA30004860FFE70599002088620399086801386B
:10DA40000860FFE7FFE70598406902900598816844
:10DA5000C068886005998868C9684860029840680D
:10DA600005990431884205D1FFE70598C0680299FD
:10DA70004860FFE70599002048610299086801386D
:10DA80000860FFE7FFE7FFE70598C06A42F29C21C4
:10DA9000C2F200010968884208D9FFE70598C06A08
:10DAA00042F29C21C2F200010860FFE7FFE7FFE7B6
:10DAB0000598C06A00EB800041F61C61C2F20001CB
:10DAC00001EB8000406801900198059A90600198F0
:10DAD0008068059AD06005980430019A9268506079
:10DAE00005980430019A9060059AD06A00EB800096
:10DAF00001EB800050610598C06A00EB800251F88C
:10DB00002200013041F82200FFE7FFE70598C06AD4
:10DB100041F60461C2F200010968C96A884207D966
:10DB2000FFE742F65C01C2F200010120086000E05C
:10DB3000FFE757E7059818B1FFE7FEF7ADFAFFE7F3
:10DB400042F2C470C2F20000006800900098E0B198
:10DB5000FFE7FFE7FFF710FD38B1FFE742F65C0192
:10DB6000C2F200010120086000E0FFE700980138E0
:10DB70000090FFE700980028ECD1FFE742F2C47163
:10DB8000C2F200010020086000E0FFE742F65C00FE
:10DB9000C2F20000006828B1FFE701200490FEF700
:10DBA00075FF00E0FFE7FFE700E0FFE7FEF7C6FED6
:10DBB000049806B080BD000080B588B000200790B2
:10DBC000FDF784FE42F65400C2F20000006858B32C
:10DBD000FFE7002003900690059006A805A904AA77
:10DBE000FEF728FE039B049A0598DDF818C06946E5
:10DBF000C1F808C04860022008604CF2A110C0F6CD
:10DC000000004DF6FB51C0F60001FFF739FC01465C
:10DC100042F65800C2F200000160006818B1FFE748
:10DC200001200790FFE700E0FFE7079820B9FFE732
:10DC3000FEF7BAFDFFE7FEE7079808B080BDF1EEFA
:10DC4000100A4FF6FF71C0F2C03120EA010040F027
:10DC50004070E1EE100A7047000000000000000074
:10DC60000102030406070809000000000102030482
:10DC70000000024201000000000002420300000018
:10DC80000000024206000000000402420100000001
:10DC9000000402420A0000000008024202000000E4
:10DCA000000C02420D000000000C024202000000C5
:10DCB000000802420A0000000004024200000000C6
:10DCC000000802420C0000000004024203000000B1
:10DCD00000040242040000000010024200000000A4
:10DCE0000010024202000000001002420300000087
:10DCF000006CDC0200366E010024F400001BB7004B
:10DD000000093D0080841E00504B140040420F006B
:10DD100000E02E000070170000A00F0000B80B00FC
:10DD2000801A0600400D030088070200A08601004B
:10DD300008040204080101010101010307010000B8
:10DD4000010002000400060008000A000C00100098
:10DD50002000400080000001D5DD00080000000028
:10DD60007C0600205C0000007C0000200002000017
:10DD7000180000000000000000000000E1DD0008C5
:10DD800000000000D80600205C0000007C0200209B
:10DD90000002000008000000000000000000000079
:10DDA000C4DD000800000000340700205C00000013
:10DDB0007C040020000200000800000000000000B9
:10DDC0000000000072656672656553797374656D55
:10DDD0005461736B0064656661756C745461736B38
:10DDE000006D6F746F725F696E69745F7461736BDD
:10DDF0000049444C4500546D725100546D722053DB
:10DE0000766300003700000028DE000800000020D4
:10DE1000180000007402000840DE0008180000200E
:10DE2000482E0000900200086400000000093D0038
:10DE3000AAAAAAAA01000000100000000000000029
:0400000508000239B4
:00000001FF
